system:index,mean_chlor_a,system:time_start,.geo
1_20180101D,1.2350947467964657,1.5147648E12,"{""type"":""MultiPoint"",""coordinates"":[]}"
1_20180104D,1.4340627331762046,1.515024E12,"{""type"":""MultiPoint"",""coordinates"":[]}"
1_20180107D,1.3867520982878274,1.5152832E12,"{""type"":""MultiPoint"",""coordinates"":[]}"
1_20180108D,1.5444793846477112,1.5153696E12,"{""type"":""MultiPoint"",""coordinates"":[]}"
1_20180109D,0.637346091583524,1.515456E12,"{""type"":""MultiPoint"",""coordinates"":[]}"
1_20180116D,1.3881476096666308,1.5160608E12,"{""type"":""MultiPoint"",""coordinates"":[]}"
1_20180126D,0.416109662999114,1.5169248E12,"{""type"":""MultiPoint"",""coordinates"":[]}"
1_20180130D,1.49216231470398,1.5172704E12,"{""type"":""MultiPoint"",""coordinates"":[]}"
1_20180207D,1.0266190700491948,1.5179616E12,"{""type"":""MultiPoint"",""coordinates"":[]}"
1_20180214D,1.6965725755642458,1.5185664E12,"{""type"":""MultiPoint"",""coordinates"":[]}"
1_20180216D,1.319010500186831,1.5187392E12,"{""type"":""MultiPoint"",""coordinates"":[]}"
1_20180219D,0.8016203221797631,1.5189984E12,"{""type"":""MultiPoint"",""coordinates"":[]}"
1_20180225D,0.4937089351985215,1.5195168E12,"{""type"":""MultiPoint"",""coordinates"":[]}"
1_20180226D,1.3188419175977795,1.5196032E12,"{""type"":""MultiPoint"",""coordinates"":[]}"
1_20180227D,1.7525844752863071,1.5196896E12,"{""type"":""MultiPoint"",""coordinates"":[]}"
1_20180303D,1.162395406943485,1.5200352E12,"{""type"":""MultiPoint"",""coordinates"":[]}"
1_20180304D,1.7079686166465116,1.5201216E12,"{""type"":""MultiPoint"",""coordinates"":[]}"
1_20180306D,1.31168551489328,1.5202944E12,"{""type"":""MultiPoint"",""coordinates"":[]}"
1_20180308D,0.3964085952240451,1.5204672E12,"{""type"":""MultiPoint"",""coordinates"":[]}"
1_20180309D,1.238537122910703,1.5205536E12,"{""type"":""MultiPoint"",""coordinates"":[]}"
1_20180314D,1.0622837609532365,1.5209856E12,"{""type"":""MultiPoint"",""coordinates"":[]}"
1_20180316D,1.5130405747402822,1.5211584E12,"{""type"":""MultiPoint"",""coordinates"":[]}"
1_20180317D,1.361201920928831,1.5212448E12,"{""type"":""MultiPoint"",""coordinates"":[]}"
1_20180318D,1.8746829462753216,1.5213312E12,"{""type"":""MultiPoint"",""coordinates"":[]}"
1_20180319D,1.392349147886946,1.5214176E12,"{""type"":""MultiPoint"",""coordinates"":[]}"
1_20180320D,1.7401207251472355,1.521504E12,"{""type"":""MultiPoint"",""coordinates"":[]}"
1_20180401D,1.4151763766637362,1.5225408E12,"{""type"":""MultiPoint"",""coordinates"":[]}"
1_20180402D,0.8055840543014575,1.5226272E12,"{""type"":""MultiPoint"",""coordinates"":[]}"
1_20180404D,0.8878872440812364,1.5228E12,"{""type"":""MultiPoint"",""coordinates"":[]}"
1_20180406D,1.7981234851112726,1.5229728E12,"{""type"":""MultiPoint"",""coordinates"":[]}"
1_20180408D,0.8416047561750412,1.5231456E12,"{""type"":""MultiPoint"",""coordinates"":[]}"
1_20180411D,1.3461674018984016,1.5234048E12,"{""type"":""MultiPoint"",""coordinates"":[]}"
1_20180412D,1.5965988412181131,1.5234912E12,"{""type"":""MultiPoint"",""coordinates"":[]}"
1_20180417D,1.3877563257805647,1.5239232E12,"{""type"":""MultiPoint"",""coordinates"":[]}"
1_20180419D,1.5737366462685316,1.524096E12,"{""type"":""MultiPoint"",""coordinates"":[]}"
1_20180420D,1.3852359047434954,1.5241824E12,"{""type"":""MultiPoint"",""coordinates"":[]}"
1_20180421D,1.6912174802211066,1.5242688E12,"{""type"":""MultiPoint"",""coordinates"":[]}"
1_20180423D,1.5751337889657606,1.5244416E12,"{""type"":""MultiPoint"",""coordinates"":[]}"
1_20180424D,1.2109405334341914,1.524528E12,"{""type"":""MultiPoint"",""coordinates"":[]}"
1_20180425D,0.7481838689785095,1.5246144E12,"{""type"":""MultiPoint"",""coordinates"":[]}"
1_20180426D,0.9842160654171761,1.5247008E12,"{""type"":""MultiPoint"",""coordinates"":[]}"
1_20180427D,1.2304771974084656,1.5247872E12,"{""type"":""MultiPoint"",""coordinates"":[]}"
1_20180502D,1.467207076943507,1.5252192E12,"{""type"":""MultiPoint"",""coordinates"":[]}"
1_20180504D,1.6942974466563734,1.525392E12,"{""type"":""MultiPoint"",""coordinates"":[]}"
1_20180505D,1.604876575004681,1.5254784E12,"{""type"":""MultiPoint"",""coordinates"":[]}"
1_20180506D,1.5786876012341786,1.5255648E12,"{""type"":""MultiPoint"",""coordinates"":[]}"
1_20180507D,1.3913656443129754,1.5256512E12,"{""type"":""MultiPoint"",""coordinates"":[]}"
1_20180508D,1.3523219692239383,1.5257376E12,"{""type"":""MultiPoint"",""coordinates"":[]}"
1_20180509D,1.411340844994422,1.525824E12,"{""type"":""MultiPoint"",""coordinates"":[]}"
1_20180510D,0.4153473335194481,1.5259104E12,"{""type"":""MultiPoint"",""coordinates"":[]}"
1_20180511D,1.5430747792074586,1.5259968E12,"{""type"":""MultiPoint"",""coordinates"":[]}"
1_20180512D,1.217162453239911,1.5260832E12,"{""type"":""MultiPoint"",""coordinates"":[]}"
1_20180513D,1.3163512962214965,1.5261696E12,"{""type"":""MultiPoint"",""coordinates"":[]}"
1_20180515D,1.4068398795479058,1.5263424E12,"{""type"":""MultiPoint"",""coordinates"":[]}"
1_20180516D,1.4859770779811854,1.5264288E12,"{""type"":""MultiPoint"",""coordinates"":[]}"
1_20180520D,1.5550438589924618,1.5267744E12,"{""type"":""MultiPoint"",""coordinates"":[]}"
1_20180521D,0.3355814939290935,1.5268608E12,"{""type"":""MultiPoint"",""coordinates"":[]}"
1_20180523D,1.4097703317541592,1.5270336E12,"{""type"":""MultiPoint"",""coordinates"":[]}"
1_20180524D,1.5372193976051367,1.52712E12,"{""type"":""MultiPoint"",""coordinates"":[]}"
1_20180525D,1.7849843289345424,1.5272064E12,"{""type"":""MultiPoint"",""coordinates"":[]}"
1_20180526D,1.4265069626749027,1.5272928E12,"{""type"":""MultiPoint"",""coordinates"":[]}"
1_20180527D,1.585916721657196,1.5273792E12,"{""type"":""MultiPoint"",""coordinates"":[]}"
1_20180528D,1.5050963172045817,1.5274656E12,"{""type"":""MultiPoint"",""coordinates"":[]}"
1_20180529D,0.26311689667550464,1.527552E12,"{""type"":""MultiPoint"",""coordinates"":[]}"
1_20180530D,1.4044543846373287,1.5276384E12,"{""type"":""MultiPoint"",""coordinates"":[]}"
1_20180531D,1.6709376188462735,1.5277248E12,"{""type"":""MultiPoint"",""coordinates"":[]}"
1_20180601D,1.6289754202188969,1.5278112E12,"{""type"":""MultiPoint"",""coordinates"":[]}"
1_20180605D,1.4544648484298874,1.5281568E12,"{""type"":""MultiPoint"",""coordinates"":[]}"
1_20180607D,1.4756229490570996,1.5283296E12,"{""type"":""MultiPoint"",""coordinates"":[]}"
1_20180608D,1.5398795295975738,1.528416E12,"{""type"":""MultiPoint"",""coordinates"":[]}"
1_20180609D,0.4749674599282287,1.5285024E12,"{""type"":""MultiPoint"",""coordinates"":[]}"
1_20180611D,1.6752809560971644,1.5286752E12,"{""type"":""MultiPoint"",""coordinates"":[]}"
1_20180615D,1.7520735349432037,1.5290208E12,"{""type"":""MultiPoint"",""coordinates"":[]}"
1_20180619D,1.6094362304074394,1.5293664E12,"{""type"":""MultiPoint"",""coordinates"":[]}"
1_20180620D,1.7533194734535462,1.5294528E12,"{""type"":""MultiPoint"",""coordinates"":[]}"
1_20180622D,1.4669154709766452,1.5296256E12,"{""type"":""MultiPoint"",""coordinates"":[]}"
1_20180626D,1.7434756272110103,1.5299712E12,"{""type"":""MultiPoint"",""coordinates"":[]}"
1_20180627D,1.63917988997168,1.5300576E12,"{""type"":""MultiPoint"",""coordinates"":[]}"
1_20180628D,1.4344000712859402,1.530144E12,"{""type"":""MultiPoint"",""coordinates"":[]}"
1_20180629D,1.6807529035414963,1.5302304E12,"{""type"":""MultiPoint"",""coordinates"":[]}"
1_20180630D,1.6826919819693187,1.5303168E12,"{""type"":""MultiPoint"",""coordinates"":[]}"
1_20180902D,1.2856552247864108,1.5358464E12,"{""type"":""MultiPoint"",""coordinates"":[]}"
1_20180903D,0.33087084217771146,1.5359328E12,"{""type"":""MultiPoint"",""coordinates"":[]}"
1_20180904D,1.0627458651098092,1.5360192E12,"{""type"":""MultiPoint"",""coordinates"":[]}"
1_20180905D,0.8243782973599876,1.5361056E12,"{""type"":""MultiPoint"",""coordinates"":[]}"
1_20180906D,0.5080828444349432,1.536192E12,"{""type"":""MultiPoint"",""coordinates"":[]}"
1_20180907D,0.7079380348406801,1.5362784E12,"{""type"":""MultiPoint"",""coordinates"":[]}"
1_20180908D,0.8204459969826836,1.5363648E12,"{""type"":""MultiPoint"",""coordinates"":[]}"
1_20180909D,1.2947791952886814,1.5364512E12,"{""type"":""MultiPoint"",""coordinates"":[]}"
1_20180913D,1.503935712357134,1.5367968E12,"{""type"":""MultiPoint"",""coordinates"":[]}"
1_20180915D,1.1978896747501777,1.5369696E12,"{""type"":""MultiPoint"",""coordinates"":[]}"
1_20180917D,0.9392396167377968,1.5371424E12,"{""type"":""MultiPoint"",""coordinates"":[]}"
1_20180918D,1.3481436057970235,1.5372288E12,"{""type"":""MultiPoint"",""coordinates"":[]}"
1_20180921D,-0.410273743745763,1.537488E12,"{""type"":""MultiPoint"",""coordinates"":[]}"
1_20180922D,1.3524795578531557,1.5375744E12,"{""type"":""MultiPoint"",""coordinates"":[]}"
1_20180924D,1.5637089715195538,1.5377472E12,"{""type"":""MultiPoint"",""coordinates"":[]}"
1_20180925D,1.3828946800463195,1.5378336E12,"{""type"":""MultiPoint"",""coordinates"":[]}"
1_20180926D,-1.3879439373750835,1.53792E12,"{""type"":""MultiPoint"",""coordinates"":[]}"
1_20180928D,1.6432953664943668,1.5380928E12,"{""type"":""MultiPoint"",""coordinates"":[]}"
1_20180929D,1.2744297752115292,1.5381792E12,"{""type"":""MultiPoint"",""coordinates"":[]}"
1_20180930D,1.3075274162733814,1.5382656E12,"{""type"":""MultiPoint"",""coordinates"":[]}"
1_20181002D,1.4471934447905006,1.5384384E12,"{""type"":""MultiPoint"",""coordinates"":[]}"
1_20181003D,1.505124080628325,1.5385248E12,"{""type"":""MultiPoint"",""coordinates"":[]}"
1_20181007D,1.5991809392230876,1.5388704E12,"{""type"":""MultiPoint"",""coordinates"":[]}"
1_20181008D,1.0217835261501826,1.5389568E12,"{""type"":""MultiPoint"",""coordinates"":[]}"
1_20181010D,1.3690735493879977,1.5391296E12,"{""type"":""MultiPoint"",""coordinates"":[]}"
1_20181011D,1.4844913266923574,1.539216E12,"{""type"":""MultiPoint"",""coordinates"":[]}"
1_20181013D,0.7663435523310678,1.5393888E12,"{""type"":""MultiPoint"",""coordinates"":[]}"
1_20181014D,1.4855544726292405,1.5394752E12,"{""type"":""MultiPoint"",""coordinates"":[]}"
1_20181015D,1.3516295091476846,1.5395616E12,"{""type"":""MultiPoint"",""coordinates"":[]}"
1_20181018D,1.4582236115878477,1.5398208E12,"{""type"":""MultiPoint"",""coordinates"":[]}"
1_20181022D,1.4527365235170788,1.5401664E12,"{""type"":""MultiPoint"",""coordinates"":[]}"
1_20181027D,1.5017330570562362,1.5405984E12,"{""type"":""MultiPoint"",""coordinates"":[]}"
1_20181028D,1.4129616574271489,1.5406848E12,"{""type"":""MultiPoint"",""coordinates"":[]}"
1_20181102D,1.2597021188400277,1.5411168E12,"{""type"":""MultiPoint"",""coordinates"":[]}"
1_20181103D,1.2252100122500635,1.5412032E12,"{""type"":""MultiPoint"",""coordinates"":[]}"
1_20181107D,1.2829364058193355,1.5415488E12,"{""type"":""MultiPoint"",""coordinates"":[]}"
1_20181115D,1.481656705216466,1.54224E12,"{""type"":""MultiPoint"",""coordinates"":[]}"
1_20181116D,0.7270727896714065,1.5423264E12,"{""type"":""MultiPoint"",""coordinates"":[]}"
1_20181117D,1.3675643650678786,1.5424128E12,"{""type"":""MultiPoint"",""coordinates"":[]}"
1_20181118D,0.6581841018909309,1.5424992E12,"{""type"":""MultiPoint"",""coordinates"":[]}"
1_20181121D,0.7195603988954904,1.5427584E12,"{""type"":""MultiPoint"",""coordinates"":[]}"
1_20181125D,0.9446451512941969,1.543104E12,"{""type"":""MultiPoint"",""coordinates"":[]}"
1_20181126D,1.7254855413300658,1.5431904E12,"{""type"":""MultiPoint"",""coordinates"":[]}"
1_20181130D,0.49985809151429256,1.543536E12,"{""type"":""MultiPoint"",""coordinates"":[]}"
1_20181203D,1.1302770383454124,1.5437952E12,"{""type"":""MultiPoint"",""coordinates"":[]}"
1_20181205D,-0.36601855981708215,1.543968E12,"{""type"":""MultiPoint"",""coordinates"":[]}"
1_20181209D,2.020586659461605,1.5443136E12,"{""type"":""MultiPoint"",""coordinates"":[]}"
1_20181210D,1.121371484082579,1.5444E12,"{""type"":""MultiPoint"",""coordinates"":[]}"
1_20181211D,1.6466161885765604,1.5444864E12,"{""type"":""MultiPoint"",""coordinates"":[]}"
1_20181213D,0.7942187060164719,1.5446592E12,"{""type"":""MultiPoint"",""coordinates"":[]}"
1_20181215D,0.5327220250390629,1.544832E12,"{""type"":""MultiPoint"",""coordinates"":[]}"
1_20181224D,0.7152433394047043,1.5456096E12,"{""type"":""MultiPoint"",""coordinates"":[]}"
1_20181230D,1.691319082520699,1.546128E12,"{""type"":""MultiPoint"",""coordinates"":[]}"
1_20190101D,1.5635067646394314,1.5463008E12,"{""type"":""MultiPoint"",""coordinates"":[]}"
1_20190102D,1.4671822325597177,1.5463872E12,"{""type"":""MultiPoint"",""coordinates"":[]}"
1_20190103D,1.6195693947632805,1.5464736E12,"{""type"":""MultiPoint"",""coordinates"":[]}"
1_20190105D,0.6847017694850938,1.5466464E12,"{""type"":""MultiPoint"",""coordinates"":[]}"
1_20190109D,1.1043440562506988,1.546992E12,"{""type"":""MultiPoint"",""coordinates"":[]}"
1_20190113D,1.235230800419001,1.5473376E12,"{""type"":""MultiPoint"",""coordinates"":[]}"
1_20190114D,1.1104612164962482,1.547424E12,"{""type"":""MultiPoint"",""coordinates"":[]}"
1_20190117D,1.0893354992881819,1.5476832E12,"{""type"":""MultiPoint"",""coordinates"":[]}"
1_20190118D,0.8461448120589818,1.5477696E12,"{""type"":""MultiPoint"",""coordinates"":[]}"
1_20190120D,1.3646987803142447,1.5479424E12,"{""type"":""MultiPoint"",""coordinates"":[]}"
1_20190121D,1.4393477886644168,1.5480288E12,"{""type"":""MultiPoint"",""coordinates"":[]}"
1_20190129D,1.4113771183278112,1.54872E12,"{""type"":""MultiPoint"",""coordinates"":[]}"
1_20190203D,0.5627097465514247,1.549152E12,"{""type"":""MultiPoint"",""coordinates"":[]}"
1_20190205D,1.0463813501503958,1.5493248E12,"{""type"":""MultiPoint"",""coordinates"":[]}"
1_20190211D,1.7034833190931595,1.5498432E12,"{""type"":""MultiPoint"",""coordinates"":[]}"
1_20190212D,1.5716173262346682,1.5499296E12,"{""type"":""MultiPoint"",""coordinates"":[]}"
1_20190215D,1.3858582095929497,1.5501888E12,"{""type"":""MultiPoint"",""coordinates"":[]}"
1_20190216D,1.4228694842576397,1.5502752E12,"{""type"":""MultiPoint"",""coordinates"":[]}"
1_20190217D,1.6333313446704096,1.5503616E12,"{""type"":""MultiPoint"",""coordinates"":[]}"
1_20190223D,1.4807902054347473,1.55088E12,"{""type"":""MultiPoint"",""coordinates"":[]}"
1_20190224D,1.2882743063181796,1.5509664E12,"{""type"":""MultiPoint"",""coordinates"":[]}"
1_20190225D,1.0683164305586792,1.5510528E12,"{""type"":""MultiPoint"",""coordinates"":[]}"
1_20190226D,1.0376140329762753,1.5511392E12,"{""type"":""MultiPoint"",""coordinates"":[]}"
1_20190227D,1.1502690798490567,1.5512256E12,"{""type"":""MultiPoint"",""coordinates"":[]}"
1_20190228D,1.2981088307090087,1.551312E12,"{""type"":""MultiPoint"",""coordinates"":[]}"
1_20190303D,-0.11743041257588248,1.5515712E12,"{""type"":""MultiPoint"",""coordinates"":[]}"
1_20190304D,2.020586659461605,1.5516576E12,"{""type"":""MultiPoint"",""coordinates"":[]}"
1_20190308D,1.7060518144268424,1.5520032E12,"{""type"":""MultiPoint"",""coordinates"":[]}"
1_20190309D,-1.0716041477432863,1.5520896E12,"{""type"":""MultiPoint"",""coordinates"":[]}"
1_20190310D,0.8666008024138535,1.552176E12,"{""type"":""MultiPoint"",""coordinates"":[]}"
1_20190311D,1.3197995398046571,1.5522624E12,"{""type"":""MultiPoint"",""coordinates"":[]}"
1_20190317D,1.4822402004919997,1.5527808E12,"{""type"":""MultiPoint"",""coordinates"":[]}"
1_20190318D,1.5394052211551372,1.5528672E12,"{""type"":""MultiPoint"",""coordinates"":[]}"
1_20190319D,1.5925665723732871,1.5529536E12,"{""type"":""MultiPoint"",""coordinates"":[]}"
1_20190321D,2.0003144688852657,1.5531264E12,"{""type"":""MultiPoint"",""coordinates"":[]}"
1_20190323D,1.7412958172132893,1.5532992E12,"{""type"":""MultiPoint"",""coordinates"":[]}"
1_20190325D,1.3254112119860038,1.553472E12,"{""type"":""MultiPoint"",""coordinates"":[]}"
1_20190327D,0.969826827974564,1.5536448E12,"{""type"":""MultiPoint"",""coordinates"":[]}"
1_20190329D,1.5445283476848013,1.5538176E12,"{""type"":""MultiPoint"",""coordinates"":[]}"
1_20190330D,1.1216883628289949,1.553904E12,"{""type"":""MultiPoint"",""coordinates"":[]}"
1_20190331D,1.7743473431087535,1.5539904E12,"{""type"":""MultiPoint"",""coordinates"":[]}"
1_20190401D,0.9407106198186935,1.5540768E12,"{""type"":""MultiPoint"",""coordinates"":[]}"
1_20190402D,1.5026292921721223,1.5541632E12,"{""type"":""MultiPoint"",""coordinates"":[]}"
1_20190406D,1.4831711679135522,1.5545088E12,"{""type"":""MultiPoint"",""coordinates"":[]}"
1_20190407D,1.3112511529094215,1.5545952E12,"{""type"":""MultiPoint"",""coordinates"":[]}"
1_20190409D,1.7277884907868204,1.554768E12,"{""type"":""MultiPoint"",""coordinates"":[]}"
1_20190410D,1.1611905985953928,1.5548544E12,"{""type"":""MultiPoint"",""coordinates"":[]}"
1_20190411D,1.104292787108474,1.5549408E12,"{""type"":""MultiPoint"",""coordinates"":[]}"
1_20190413D,1.5012264077599655,1.5551136E12,"{""type"":""MultiPoint"",""coordinates"":[]}"
1_20190414D,1.0423643896092905,1.5552E12,"{""type"":""MultiPoint"",""coordinates"":[]}"
1_20190415D,1.3943731737389298,1.5552864E12,"{""type"":""MultiPoint"",""coordinates"":[]}"
1_20190416D,1.600933885017346,1.5553728E12,"{""type"":""MultiPoint"",""coordinates"":[]}"
1_20190417D,1.233175833187548,1.5554592E12,"{""type"":""MultiPoint"",""coordinates"":[]}"
1_20190418D,1.5730857698491574,1.5555456E12,"{""type"":""MultiPoint"",""coordinates"":[]}"
1_20190419D,1.7301252712937258,1.555632E12,"{""type"":""MultiPoint"",""coordinates"":[]}"
1_20190420D,1.543270257025478,1.5557184E12,"{""type"":""MultiPoint"",""coordinates"":[]}"
1_20190421D,1.4300528693983428,1.5558048E12,"{""type"":""MultiPoint"",""coordinates"":[]}"
1_20190422D,1.575921559160271,1.5558912E12,"{""type"":""MultiPoint"",""coordinates"":[]}"
1_20190424D,2.020586659461605,1.556064E12,"{""type"":""MultiPoint"",""coordinates"":[]}"
1_20190425D,1.4484970372696493,1.5561504E12,"{""type"":""MultiPoint"",""coordinates"":[]}"
1_20190430D,0.5018933382382941,1.5565824E12,"{""type"":""MultiPoint"",""coordinates"":[]}"
1_20190503D,1.2305196855839953,1.5568416E12,"{""type"":""MultiPoint"",""coordinates"":[]}"
1_20190504D,1.4740247834305424,1.556928E12,"{""type"":""MultiPoint"",""coordinates"":[]}"
1_20190505D,1.3204354269331904,1.5570144E12,"{""type"":""MultiPoint"",""coordinates"":[]}"
1_20190506D,1.6096343537663995,1.5571008E12,"{""type"":""MultiPoint"",""coordinates"":[]}"
1_20190507D,1.4395401206456657,1.5571872E12,"{""type"":""MultiPoint"",""coordinates"":[]}"
1_20190509D,1.3994953460133785,1.55736E12,"{""type"":""MultiPoint"",""coordinates"":[]}"
1_20190511D,1.5146407892787415,1.5575328E12,"{""type"":""MultiPoint"",""coordinates"":[]}"
1_20190513D,1.4949348328148602,1.5577056E12,"{""type"":""MultiPoint"",""coordinates"":[]}"
1_20190514D,1.2211655309026734,1.557792E12,"{""type"":""MultiPoint"",""coordinates"":[]}"
1_20190515D,0.8189821412399303,1.5578784E12,"{""type"":""MultiPoint"",""coordinates"":[]}"
1_20190518D,1.2479260301269648,1.5581376E12,"{""type"":""MultiPoint"",""coordinates"":[]}"
1_20190519D,0.9323049262620673,1.558224E12,"{""type"":""MultiPoint"",""coordinates"":[]}"
1_20190520D,1.530859563590043,1.5583104E12,"{""type"":""MultiPoint"",""coordinates"":[]}"
1_20190524D,1.4870828241618383,1.558656E12,"{""type"":""MultiPoint"",""coordinates"":[]}"
1_20190528D,1.5388551473626058,1.5590016E12,"{""type"":""MultiPoint"",""coordinates"":[]}"
1_20190529D,1.2091813923268064,1.559088E12,"{""type"":""MultiPoint"",""coordinates"":[]}"
1_20190601D,1.4999667604084832,1.5593472E12,"{""type"":""MultiPoint"",""coordinates"":[]}"
1_20190602D,1.350975716222761,1.5594336E12,"{""type"":""MultiPoint"",""coordinates"":[]}"
1_20190605D,1.3077083529325082,1.5596928E12,"{""type"":""MultiPoint"",""coordinates"":[]}"
1_20190606D,-0.24544427165137897,1.5597792E12,"{""type"":""MultiPoint"",""coordinates"":[]}"
1_20190607D,1.4622064507130677,1.5598656E12,"{""type"":""MultiPoint"",""coordinates"":[]}"
1_20190609D,1.5966717512209843,1.5600384E12,"{""type"":""MultiPoint"",""coordinates"":[]}"
1_20190610D,-0.37592426885431734,1.5601248E12,"{""type"":""MultiPoint"",""coordinates"":[]}"
1_20190612D,0.7993461915005712,1.5602976E12,"{""type"":""MultiPoint"",""coordinates"":[]}"
1_20190613D,1.0118304703634993,1.560384E12,"{""type"":""MultiPoint"",""coordinates"":[]}"
1_20190614D,1.0359192222638351,1.5604704E12,"{""type"":""MultiPoint"",""coordinates"":[]}"
1_20190617D,1.4393728621297177,1.5607296E12,"{""type"":""MultiPoint"",""coordinates"":[]}"
1_20190618D,1.4727864459865136,1.560816E12,"{""type"":""MultiPoint"",""coordinates"":[]}"
1_20190621D,1.1677173352915924,1.5610752E12,"{""type"":""MultiPoint"",""coordinates"":[]}"
1_20190622D,1.459302300098406,1.5611616E12,"{""type"":""MultiPoint"",""coordinates"":[]}"
1_20190623D,1.1606165441641996,1.561248E12,"{""type"":""MultiPoint"",""coordinates"":[]}"
1_20190624D,0.9333236564361731,1.5613344E12,"{""type"":""MultiPoint"",""coordinates"":[]}"
1_20190625D,1.3208671609452667,1.5614208E12,"{""type"":""MultiPoint"",""coordinates"":[]}"
1_20190626D,1.6429836292327715,1.5615072E12,"{""type"":""MultiPoint"",""coordinates"":[]}"
1_20190628D,2.020586659461605,1.56168E12,"{""type"":""MultiPoint"",""coordinates"":[]}"
1_20190629D,1.3832343147429886,1.5617664E12,"{""type"":""MultiPoint"",""coordinates"":[]}"
1_20190701D,1.2278828676237392,1.5619392E12,"{""type"":""MultiPoint"",""coordinates"":[]}"
1_20190702D,1.523498416955292,1.5620256E12,"{""type"":""MultiPoint"",""coordinates"":[]}"
1_20190703D,1.474137886242159,1.562112E12,"{""type"":""MultiPoint"",""coordinates"":[]}"
1_20190707D,0.6569025135550233,1.5624576E12,"{""type"":""MultiPoint"",""coordinates"":[]}"
1_20190710D,1.2276811519515842,1.5627168E12,"{""type"":""MultiPoint"",""coordinates"":[]}"
1_20190713D,0.40001963506515853,1.562976E12,"{""type"":""MultiPoint"",""coordinates"":[]}"
1_20190717D,1.2401266499354657,1.5633216E12,"{""type"":""MultiPoint"",""coordinates"":[]}"
1_20190718D,1.1547065520642081,1.563408E12,"{""type"":""MultiPoint"",""coordinates"":[]}"
1_20190724D,1.4496537577473565,1.5639264E12,"{""type"":""MultiPoint"",""coordinates"":[]}"
1_20190725D,0.9116679775679141,1.5640128E12,"{""type"":""MultiPoint"",""coordinates"":[]}"
1_20190727D,1.4037662752490023,1.5641856E12,"{""type"":""MultiPoint"",""coordinates"":[]}"
1_20190728D,1.4579092524027244,1.564272E12,"{""type"":""MultiPoint"",""coordinates"":[]}"
1_20190730D,0.7107316970664995,1.5644448E12,"{""type"":""MultiPoint"",""coordinates"":[]}"
1_20190731D,0.618767728079412,1.5645312E12,"{""type"":""MultiPoint"",""coordinates"":[]}"
1_20190801D,1.0226378925469624,1.5646176E12,"{""type"":""MultiPoint"",""coordinates"":[]}"
1_20190802D,-1.0555173278498313,1.564704E12,"{""type"":""MultiPoint"",""coordinates"":[]}"
1_20190804D,0.009303835635135317,1.5648768E12,"{""type"":""MultiPoint"",""coordinates"":[]}"
1_20190806D,1.3840459481843563,1.5650496E12,"{""type"":""MultiPoint"",""coordinates"":[]}"
1_20190808D,1.3205772470453037,1.5652224E12,"{""type"":""MultiPoint"",""coordinates"":[]}"
1_20190811D,1.6432574078577034,1.5654816E12,"{""type"":""MultiPoint"",""coordinates"":[]}"
1_20190812D,1.5287390296169674,1.565568E12,"{""type"":""MultiPoint"",""coordinates"":[]}"
1_20190814D,1.4702709103048823,1.5657408E12,"{""type"":""MultiPoint"",""coordinates"":[]}"
1_20190819D,1.104631149942305,1.5661728E12,"{""type"":""MultiPoint"",""coordinates"":[]}"
1_20190820D,1.5683002392729515,1.5662592E12,"{""type"":""MultiPoint"",""coordinates"":[]}"
1_20190821D,1.3896392630061365,1.5663456E12,"{""type"":""MultiPoint"",""coordinates"":[]}"
1_20190823D,1.3212131952066264,1.5665184E12,"{""type"":""MultiPoint"",""coordinates"":[]}"
1_20190824D,1.2936635655645912,1.5666048E12,"{""type"":""MultiPoint"",""coordinates"":[]}"
1_20190825D,1.1241328063511482,1.5666912E12,"{""type"":""MultiPoint"",""coordinates"":[]}"
1_20190827D,0.769101748703899,1.566864E12,"{""type"":""MultiPoint"",""coordinates"":[]}"
1_20190828D,0.7901443650429005,1.5669504E12,"{""type"":""MultiPoint"",""coordinates"":[]}"
1_20190829D,0.8924855497391857,1.5670368E12,"{""type"":""MultiPoint"",""coordinates"":[]}"
1_20190830D,1.0713142063239764,1.5671232E12,"{""type"":""MultiPoint"",""coordinates"":[]}"
1_20190831D,1.1199538633500117,1.5672096E12,"{""type"":""MultiPoint"",""coordinates"":[]}"
1_20190902D,1.4110778984656471,1.5673824E12,"{""type"":""MultiPoint"",""coordinates"":[]}"
1_20190903D,1.3145652805903927,1.5674688E12,"{""type"":""MultiPoint"",""coordinates"":[]}"
1_20190905D,1.7140777965696437,1.5676416E12,"{""type"":""MultiPoint"",""coordinates"":[]}"
1_20190907D,1.3211666180815078,1.5678144E12,"{""type"":""MultiPoint"",""coordinates"":[]}"
1_20190908D,1.2653229801852255,1.5679008E12,"{""type"":""MultiPoint"",""coordinates"":[]}"
1_20190909D,0.848137979890547,1.5679872E12,"{""type"":""MultiPoint"",""coordinates"":[]}"
1_20190912D,1.064611828983424,1.5682464E12,"{""type"":""MultiPoint"",""coordinates"":[]}"
1_20190913D,1.563733878415165,1.5683328E12,"{""type"":""MultiPoint"",""coordinates"":[]}"
1_20190914D,0.8418863901849986,1.5684192E12,"{""type"":""MultiPoint"",""coordinates"":[]}"
1_20190915D,1.1997079320827766,1.5685056E12,"{""type"":""MultiPoint"",""coordinates"":[]}"
1_20190916D,1.484230112789792,1.568592E12,"{""type"":""MultiPoint"",""coordinates"":[]}"
1_20190917D,1.4233579573447883,1.5686784E12,"{""type"":""MultiPoint"",""coordinates"":[]}"
1_20190918D,1.6496992213777417,1.5687648E12,"{""type"":""MultiPoint"",""coordinates"":[]}"
1_20190920D,0.4900840564971346,1.5689376E12,"{""type"":""MultiPoint"",""coordinates"":[]}"
1_20190922D,1.4342782452654448,1.5691104E12,"{""type"":""MultiPoint"",""coordinates"":[]}"
1_20190923D,1.4456246150028071,1.5691968E12,"{""type"":""MultiPoint"",""coordinates"":[]}"
1_20190927D,0.9585996264120824,1.5695424E12,"{""type"":""MultiPoint"",""coordinates"":[]}"
1_20190930D,1.5416337534162112,1.5698016E12,"{""type"":""MultiPoint"",""coordinates"":[]}"
1_20191002D,1.296478861102896,1.5699744E12,"{""type"":""MultiPoint"",""coordinates"":[]}"
1_20191003D,1.3123432231453152,1.5700608E12,"{""type"":""MultiPoint"",""coordinates"":[]}"
1_20191005D,1.4254597399508706,1.5702336E12,"{""type"":""MultiPoint"",""coordinates"":[]}"
1_20191006D,1.3601508445868575,1.57032E12,"{""type"":""MultiPoint"",""coordinates"":[]}"
1_20191008D,1.289560469392847,1.5704928E12,"{""type"":""MultiPoint"",""coordinates"":[]}"
1_20191015D,-0.9017836642098844,1.5710976E12,"{""type"":""MultiPoint"",""coordinates"":[]}"
1_20191018D,0.5966493542096779,1.5713568E12,"{""type"":""MultiPoint"",""coordinates"":[]}"
1_20191022D,0.6309174872094166,1.5717024E12,"{""type"":""MultiPoint"",""coordinates"":[]}"
1_20191023D,1.229614382092044,1.5717888E12,"{""type"":""MultiPoint"",""coordinates"":[]}"
1_20191027D,1.5305114797014134,1.5721344E12,"{""type"":""MultiPoint"",""coordinates"":[]}"
1_20191028D,1.5133868863493365,1.5722208E12,"{""type"":""MultiPoint"",""coordinates"":[]}"
1_20191030D,1.4421830941695255,1.5723936E12,"{""type"":""MultiPoint"",""coordinates"":[]}"
1_20191031D,1.575940064011549,1.57248E12,"{""type"":""MultiPoint"",""coordinates"":[]}"
1_20191103D,1.1133618815429664,1.5727392E12,"{""type"":""MultiPoint"",""coordinates"":[]}"
1_20191107D,1.216178627049135,1.5730848E12,"{""type"":""MultiPoint"",""coordinates"":[]}"
1_20191108D,1.385125353713178,1.5731712E12,"{""type"":""MultiPoint"",""coordinates"":[]}"
1_20191109D,2.020586659461605,1.5732576E12,"{""type"":""MultiPoint"",""coordinates"":[]}"
1_20191114D,1.5711299373982635,1.5736896E12,"{""type"":""MultiPoint"",""coordinates"":[]}"
1_20191129D,1.0003206543924439,1.5749856E12,"{""type"":""MultiPoint"",""coordinates"":[]}"
1_20191130D,1.3731805580567127,1.575072E12,"{""type"":""MultiPoint"",""coordinates"":[]}"
1_20191201D,1.673238350139614,1.5751584E12,"{""type"":""MultiPoint"",""coordinates"":[]}"
1_20191209D,-0.42460473849648495,1.5758496E12,"{""type"":""MultiPoint"",""coordinates"":[]}"
1_20191211D,1.3152840630191955,1.5760224E12,"{""type"":""MultiPoint"",""coordinates"":[]}"
1_20191212D,1.2630498398281285,1.5761088E12,"{""type"":""MultiPoint"",""coordinates"":[]}"
1_20191213D,1.3120880753085717,1.5761952E12,"{""type"":""MultiPoint"",""coordinates"":[]}"
1_20191218D,0.5184885181696706,1.5766272E12,"{""type"":""MultiPoint"",""coordinates"":[]}"
1_20191226D,1.0672786052892007,1.5773184E12,"{""type"":""MultiPoint"",""coordinates"":[]}"
1_20191227D,1.0537652334713148,1.5774048E12,"{""type"":""MultiPoint"",""coordinates"":[]}"
1_20191230D,0.7923672759886787,1.577664E12,"{""type"":""MultiPoint"",""coordinates"":[]}"
1_20191231D,1.06167681466368,1.5777504E12,"{""type"":""MultiPoint"",""coordinates"":[]}"
1_20200104D,1.2330075433421714,1.578096E12,"{""type"":""MultiPoint"",""coordinates"":[]}"
1_20200106D,0.5593405396248525,1.5782688E12,"{""type"":""MultiPoint"",""coordinates"":[]}"
1_20200107D,0.7798622386763406,1.5783552E12,"{""type"":""MultiPoint"",""coordinates"":[]}"
1_20200114D,0.8341361804855643,1.57896E12,"{""type"":""MultiPoint"",""coordinates"":[]}"
1_20200118D,1.4939597483627625,1.5793056E12,"{""type"":""MultiPoint"",""coordinates"":[]}"
1_20200119D,0.6752466336027808,1.579392E12,"{""type"":""MultiPoint"",""coordinates"":[]}"
1_20200129D,1.3640032458545197,1.580256E12,"{""type"":""MultiPoint"",""coordinates"":[]}"
1_20200203D,-0.5757719293040201,1.580688E12,"{""type"":""MultiPoint"",""coordinates"":[]}"
1_20200205D,1.2197996728632818,1.5808608E12,"{""type"":""MultiPoint"",""coordinates"":[]}"
1_20200206D,0.5191326390143473,1.5809472E12,"{""type"":""MultiPoint"",""coordinates"":[]}"
1_20200210D,1.4075478666461128,1.5812928E12,"{""type"":""MultiPoint"",""coordinates"":[]}"
1_20200211D,1.0178493866638898,1.5813792E12,"{""type"":""MultiPoint"",""coordinates"":[]}"
1_20200214D,1.2013252805346255,1.5816384E12,"{""type"":""MultiPoint"",""coordinates"":[]}"
1_20200217D,1.7953714264382046,1.5818976E12,"{""type"":""MultiPoint"",""coordinates"":[]}"
1_20200218D,1.3098334840076833,1.581984E12,"{""type"":""MultiPoint"",""coordinates"":[]}"
1_20200219D,1.3511224723820094,1.5820704E12,"{""type"":""MultiPoint"",""coordinates"":[]}"
1_20200221D,-0.9282898814226135,1.5822432E12,"{""type"":""MultiPoint"",""coordinates"":[]}"
1_20200225D,1.2517790150652972,1.5825888E12,"{""type"":""MultiPoint"",""coordinates"":[]}"
1_20200226D,1.320567971205064,1.5826752E12,"{""type"":""MultiPoint"",""coordinates"":[]}"
1_20200228D,1.5718574366472533,1.582848E12,"{""type"":""MultiPoint"",""coordinates"":[]}"
1_20200303D,1.3337556151515868,1.5831936E12,"{""type"":""MultiPoint"",""coordinates"":[]}"
1_20200304D,1.1609851760774565,1.58328E12,"{""type"":""MultiPoint"",""coordinates"":[]}"
1_20200305D,1.4686898643768975,1.5833664E12,"{""type"":""MultiPoint"",""coordinates"":[]}"
1_20200307D,0.8911051673404966,1.5835392E12,"{""type"":""MultiPoint"",""coordinates"":[]}"
1_20200311D,1.5464929786657917,1.5838848E12,"{""type"":""MultiPoint"",""coordinates"":[]}"
1_20200312D,1.2801137456374112,1.5839712E12,"{""type"":""MultiPoint"",""coordinates"":[]}"
1_20200314D,1.224291647353299,1.584144E12,"{""type"":""MultiPoint"",""coordinates"":[]}"
1_20200319D,1.1072529079858622,1.584576E12,"{""type"":""MultiPoint"",""coordinates"":[]}"
1_20200320D,1.3206241894733748,1.5846624E12,"{""type"":""MultiPoint"",""coordinates"":[]}"
1_20200321D,1.5417459883637203,1.5847488E12,"{""type"":""MultiPoint"",""coordinates"":[]}"
1_20200322D,1.47070161777217,1.5848352E12,"{""type"":""MultiPoint"",""coordinates"":[]}"
1_20200323D,1.7955687422948234,1.5849216E12,"{""type"":""MultiPoint"",""coordinates"":[]}"
1_20200325D,1.5675315147498938,1.5850944E12,"{""type"":""MultiPoint"",""coordinates"":[]}"
1_20200326D,1.520230030342139,1.5851808E12,"{""type"":""MultiPoint"",""coordinates"":[]}"
1_20200327D,1.4713000712247757,1.5852672E12,"{""type"":""MultiPoint"",""coordinates"":[]}"
1_20200329D,1.270832178559604,1.58544E12,"{""type"":""MultiPoint"",""coordinates"":[]}"
1_20200330D,1.5193613533343073,1.5855264E12,"{""type"":""MultiPoint"",""coordinates"":[]}"
1_20200331D,1.4784454543891725,1.5856128E12,"{""type"":""MultiPoint"",""coordinates"":[]}"
1_20200402D,1.239823475688884,1.5857856E12,"{""type"":""MultiPoint"",""coordinates"":[]}"
1_20200403D,1.5724545130766814,1.585872E12,"{""type"":""MultiPoint"",""coordinates"":[]}"
1_20200405D,0.8913816909856609,1.5860448E12,"{""type"":""MultiPoint"",""coordinates"":[]}"
1_20200406D,1.1885734132887624,1.5861312E12,"{""type"":""MultiPoint"",""coordinates"":[]}"
1_20200407D,1.2513453782471353,1.5862176E12,"{""type"":""MultiPoint"",""coordinates"":[]}"
1_20200408D,1.4965694027824674,1.586304E12,"{""type"":""MultiPoint"",""coordinates"":[]}"
1_20200409D,1.612762985684439,1.5863904E12,"{""type"":""MultiPoint"",""coordinates"":[]}"
1_20200410D,1.1539240738154684,1.5864768E12,"{""type"":""MultiPoint"",""coordinates"":[]}"
1_20200411D,-0.5145688169349623,1.5865632E12,"{""type"":""MultiPoint"",""coordinates"":[]}"
1_20200413D,1.8418145515386206,1.586736E12,"{""type"":""MultiPoint"",""coordinates"":[]}"
1_20200414D,1.8233299171317074,1.5868224E12,"{""type"":""MultiPoint"",""coordinates"":[]}"
1_20200415D,1.6442781216541154,1.5869088E12,"{""type"":""MultiPoint"",""coordinates"":[]}"
1_20200417D,1.5709697955690647,1.5870816E12,"{""type"":""MultiPoint"",""coordinates"":[]}"
1_20200418D,1.1749904075143178,1.587168E12,"{""type"":""MultiPoint"",""coordinates"":[]}"
1_20200419D,1.2438656300889062,1.5872544E12,"{""type"":""MultiPoint"",""coordinates"":[]}"
1_20200421D,1.4005751022903676,1.5874272E12,"{""type"":""MultiPoint"",""coordinates"":[]}"
1_20200422D,1.3918277915728574,1.5875136E12,"{""type"":""MultiPoint"",""coordinates"":[]}"
1_20200423D,1.656470256876753,1.5876E12,"{""type"":""MultiPoint"",""coordinates"":[]}"
1_20200425D,1.6221444318175715,1.5877728E12,"{""type"":""MultiPoint"",""coordinates"":[]}"
1_20200428D,1.0719075667139515,1.588032E12,"{""type"":""MultiPoint"",""coordinates"":[]}"
1_20200430D,0.7914941547289903,1.5882048E12,"{""type"":""MultiPoint"",""coordinates"":[]}"
1_20200502D,1.1858237402760232,1.5883776E12,"{""type"":""MultiPoint"",""coordinates"":[]}"
1_20200503D,0.7793078275835859,1.588464E12,"{""type"":""MultiPoint"",""coordinates"":[]}"
1_20200504D,1.144323764825308,1.5885504E12,"{""type"":""MultiPoint"",""coordinates"":[]}"
1_20200506D,1.5283589062968443,1.5887232E12,"{""type"":""MultiPoint"",""coordinates"":[]}"
1_20200508D,1.6423032090834633,1.588896E12,"{""type"":""MultiPoint"",""coordinates"":[]}"
1_20200509D,1.155798574440002,1.5889824E12,"{""type"":""MultiPoint"",""coordinates"":[]}"
1_20200511D,1.3703459881030688,1.5891552E12,"{""type"":""MultiPoint"",""coordinates"":[]}"
1_20200512D,0.7746492263598621,1.5892416E12,"{""type"":""MultiPoint"",""coordinates"":[]}"
1_20200513D,1.639688376493061,1.589328E12,"{""type"":""MultiPoint"",""coordinates"":[]}"
1_20200514D,1.551743635900842,1.5894144E12,"{""type"":""MultiPoint"",""coordinates"":[]}"
1_20200515D,1.194101933563707,1.5895008E12,"{""type"":""MultiPoint"",""coordinates"":[]}"
1_20200517D,1.4774269118186525,1.5896736E12,"{""type"":""MultiPoint"",""coordinates"":[]}"
1_20200519D,0.9570327983373692,1.5898464E12,"{""type"":""MultiPoint"",""coordinates"":[]}"
1_20200521D,1.5045740485579362,1.5900192E12,"{""type"":""MultiPoint"",""coordinates"":[]}"
1_20200523D,1.1626146199591278,1.590192E12,"{""type"":""MultiPoint"",""coordinates"":[]}"
1_20200526D,0.9157839560921891,1.5904512E12,"{""type"":""MultiPoint"",""coordinates"":[]}"
1_20200527D,1.5080654982920663,1.5905376E12,"{""type"":""MultiPoint"",""coordinates"":[]}"
1_20200528D,1.5957859643911394,1.590624E12,"{""type"":""MultiPoint"",""coordinates"":[]}"
1_20200529D,1.4409173634893369,1.5907104E12,"{""type"":""MultiPoint"",""coordinates"":[]}"
1_20200530D,1.3921990679673724,1.5907968E12,"{""type"":""MultiPoint"",""coordinates"":[]}"
1_20200601D,1.4067395501792848,1.5909696E12,"{""type"":""MultiPoint"",""coordinates"":[]}"
1_20200602D,1.3103819790851234,1.591056E12,"{""type"":""MultiPoint"",""coordinates"":[]}"
1_20200603D,0.8514753329139663,1.5911424E12,"{""type"":""MultiPoint"",""coordinates"":[]}"
1_20200605D,1.2746391267687651,1.5913152E12,"{""type"":""MultiPoint"",""coordinates"":[]}"
1_20200606D,1.6441830464264384,1.5914016E12,"{""type"":""MultiPoint"",""coordinates"":[]}"
1_20200607D,0.5171430929791629,1.591488E12,"{""type"":""MultiPoint"",""coordinates"":[]}"
1_20200609D,1.777629434824238,1.5916608E12,"{""type"":""MultiPoint"",""coordinates"":[]}"
1_20200613D,1.7223030436897375,1.5920064E12,"{""type"":""MultiPoint"",""coordinates"":[]}"
1_20200614D,1.2747154409555685,1.5920928E12,"{""type"":""MultiPoint"",""coordinates"":[]}"
1_20200615D,1.2770402881450933,1.5921792E12,"{""type"":""MultiPoint"",""coordinates"":[]}"
1_20200616D,1.18537383835352,1.5922656E12,"{""type"":""MultiPoint"",""coordinates"":[]}"
1_20200617D,1.373226706075747,1.592352E12,"{""type"":""MultiPoint"",""coordinates"":[]}"
1_20200618D,1.1935402659522816,1.5924384E12,"{""type"":""MultiPoint"",""coordinates"":[]}"
1_20200620D,1.3026445112758334,1.5926112E12,"{""type"":""MultiPoint"",""coordinates"":[]}"
1_20200621D,1.2965079069832366,1.5926976E12,"{""type"":""MultiPoint"",""coordinates"":[]}"
1_20200622D,1.5543949353679196,1.592784E12,"{""type"":""MultiPoint"",""coordinates"":[]}"
1_20200624D,1.3034440025769516,1.5929568E12,"{""type"":""MultiPoint"",""coordinates"":[]}"
1_20200625D,1.292603310358341,1.5930432E12,"{""type"":""MultiPoint"",""coordinates"":[]}"
1_20200626D,1.2524265728228858,1.5931296E12,"{""type"":""MultiPoint"",""coordinates"":[]}"
1_20200629D,1.1118432049441576,1.5933888E12,"{""type"":""MultiPoint"",""coordinates"":[]}"
1_20200630D,0.7529857368182413,1.5934752E12,"{""type"":""MultiPoint"",""coordinates"":[]}"
1_20200701D,1.3680511637031407,1.5935616E12,"{""type"":""MultiPoint"",""coordinates"":[]}"
1_20200702D,1.5926310171843778,1.593648E12,"{""type"":""MultiPoint"",""coordinates"":[]}"
1_20200705D,1.4898324941797545,1.5939072E12,"{""type"":""MultiPoint"",""coordinates"":[]}"
1_20200706D,1.3841100664225015,1.5939936E12,"{""type"":""MultiPoint"",""coordinates"":[]}"
1_20200710D,0.5304558435846762,1.5943392E12,"{""type"":""MultiPoint"",""coordinates"":[]}"
1_20200711D,1.2963739337231837,1.5944256E12,"{""type"":""MultiPoint"",""coordinates"":[]}"
1_20200713D,1.0678589407234136,1.5945984E12,"{""type"":""MultiPoint"",""coordinates"":[]}"
1_20200715D,0.8916498639483434,1.5947712E12,"{""type"":""MultiPoint"",""coordinates"":[]}"
1_20200716D,0.8474140876415083,1.5948576E12,"{""type"":""MultiPoint"",""coordinates"":[]}"
1_20200717D,0.8165372119993843,1.594944E12,"{""type"":""MultiPoint"",""coordinates"":[]}"
1_20200718D,0.8281696060580795,1.5950304E12,"{""type"":""MultiPoint"",""coordinates"":[]}"
1_20200720D,1.2284760512828794,1.5952032E12,"{""type"":""MultiPoint"",""coordinates"":[]}"
1_20200721D,1.4310664114494762,1.5952896E12,"{""type"":""MultiPoint"",""coordinates"":[]}"
1_20200722D,1.182643679900021,1.595376E12,"{""type"":""MultiPoint"",""coordinates"":[]}"
1_20200724D,0.7623484044592506,1.5955488E12,"{""type"":""MultiPoint"",""coordinates"":[]}"
1_20200726D,0.9755175853818024,1.5957216E12,"{""type"":""MultiPoint"",""coordinates"":[]}"
1_20200728D,1.3712708426222178,1.5958944E12,"{""type"":""MultiPoint"",""coordinates"":[]}"
1_20200729D,1.3842537587482218,1.5959808E12,"{""type"":""MultiPoint"",""coordinates"":[]}"
1_20200730D,1.3040762114556594,1.5960672E12,"{""type"":""MultiPoint"",""coordinates"":[]}"
1_20200801D,1.1492375572827351,1.59624E12,"{""type"":""MultiPoint"",""coordinates"":[]}"
1_20200803D,1.0400823123121585,1.5964128E12,"{""type"":""MultiPoint"",""coordinates"":[]}"
1_20200804D,1.0805984018895103,1.5964992E12,"{""type"":""MultiPoint"",""coordinates"":[]}"
1_20200805D,0.34811660809452266,1.5965856E12,"{""type"":""MultiPoint"",""coordinates"":[]}"
1_20200806D,1.275039804749508,1.596672E12,"{""type"":""MultiPoint"",""coordinates"":[]}"
1_20200807D,1.192699405669303,1.5967584E12,"{""type"":""MultiPoint"",""coordinates"":[]}"
1_20200808D,1.1474861063829378,1.5968448E12,"{""type"":""MultiPoint"",""coordinates"":[]}"
1_20200809D,1.2681765882514877,1.5969312E12,"{""type"":""MultiPoint"",""coordinates"":[]}"
1_20200810D,1.2836880139850988,1.5970176E12,"{""type"":""MultiPoint"",""coordinates"":[]}"
1_20200812D,1.361696425441872,1.5971904E12,"{""type"":""MultiPoint"",""coordinates"":[]}"
1_20200813D,1.2790401315571633,1.5972768E12,"{""type"":""MultiPoint"",""coordinates"":[]}"
1_20200814D,1.261432523136397,1.5973632E12,"{""type"":""MultiPoint"",""coordinates"":[]}"
1_20200816D,0.7140634974502454,1.597536E12,"{""type"":""MultiPoint"",""coordinates"":[]}"
1_20200817D,0.7005599747573215,1.5976224E12,"{""type"":""MultiPoint"",""coordinates"":[]}"
1_20200818D,1.008938621833535,1.5977088E12,"{""type"":""MultiPoint"",""coordinates"":[]}"
1_20200819D,0.8624473114329918,1.5977952E12,"{""type"":""MultiPoint"",""coordinates"":[]}"
1_20200821D,0.12766011766678909,1.597968E12,"{""type"":""MultiPoint"",""coordinates"":[]}"
1_20200822D,-0.8514009180490919,1.5980544E12,"{""type"":""MultiPoint"",""coordinates"":[]}"
1_20200823D,1.41858605263168,1.5981408E12,"{""type"":""MultiPoint"",""coordinates"":[]}"
1_20200827D,0.14714789469146494,1.5984864E12,"{""type"":""MultiPoint"",""coordinates"":[]}"
1_20200829D,0.7684625971628583,1.5986592E12,"{""type"":""MultiPoint"",""coordinates"":[]}"
1_20200831D,0.827907362605958,1.598832E12,"{""type"":""MultiPoint"",""coordinates"":[]}"
1_20200901D,1.0464358696908154,1.5989184E12,"{""type"":""MultiPoint"",""coordinates"":[]}"
1_20200902D,1.1850773580652592,1.5990048E12,"{""type"":""MultiPoint"",""coordinates"":[]}"
1_20200904D,1.5713648952457413,1.5991776E12,"{""type"":""MultiPoint"",""coordinates"":[]}"
1_20200905D,1.4872140483905554,1.599264E12,"{""type"":""MultiPoint"",""coordinates"":[]}"
1_20200906D,1.0971759033309452,1.5993504E12,"{""type"":""MultiPoint"",""coordinates"":[]}"
1_20200907D,1.0902371572018754,1.5994368E12,"{""type"":""MultiPoint"",""coordinates"":[]}"
1_20200908D,1.2447622655543156,1.5995232E12,"{""type"":""MultiPoint"",""coordinates"":[]}"
1_20200911D,0.40723879201375934,1.5997824E12,"{""type"":""MultiPoint"",""coordinates"":[]}"
1_20200913D,-0.5999803649348414,1.5999552E12,"{""type"":""MultiPoint"",""coordinates"":[]}"
1_20200915D,0.7161293427776405,1.600128E12,"{""type"":""MultiPoint"",""coordinates"":[]}"
1_20200917D,0.8481708364100056,1.6003008E12,"{""type"":""MultiPoint"",""coordinates"":[]}"
1_20200920D,1.2473609871013709,1.60056E12,"{""type"":""MultiPoint"",""coordinates"":[]}"
1_20200921D,0.9999761542969006,1.6006464E12,"{""type"":""MultiPoint"",""coordinates"":[]}"
1_20200922D,1.2442183574485306,1.6007328E12,"{""type"":""MultiPoint"",""coordinates"":[]}"
1_20200923D,0.753051366021527,1.6008192E12,"{""type"":""MultiPoint"",""coordinates"":[]}"
1_20200924D,1.3227258435314204,1.6009056E12,"{""type"":""MultiPoint"",""coordinates"":[]}"
1_20201001D,0.6032628563705095,1.6015104E12,"{""type"":""MultiPoint"",""coordinates"":[]}"
1_20201004D,0.9257794093664392,1.6017696E12,"{""type"":""MultiPoint"",""coordinates"":[]}"
1_20201005D,1.1812213376554621,1.601856E12,"{""type"":""MultiPoint"",""coordinates"":[]}"
1_20201006D,-0.0033342213916357816,1.6019424E12,"{""type"":""MultiPoint"",""coordinates"":[]}"
1_20201009D,0.856865293786016,1.6022016E12,"{""type"":""MultiPoint"",""coordinates"":[]}"
1_20201011D,1.2242344945751136,1.6023744E12,"{""type"":""MultiPoint"",""coordinates"":[]}"
1_20201012D,0.8555032706617253,1.6024608E12,"{""type"":""MultiPoint"",""coordinates"":[]}"
1_20201015D,0.7956231525305639,1.60272E12,"{""type"":""MultiPoint"",""coordinates"":[]}"
1_20201016D,0.9876545793428146,1.6028064E12,"{""type"":""MultiPoint"",""coordinates"":[]}"
1_20201017D,1.119416071874227,1.6028928E12,"{""type"":""MultiPoint"",""coordinates"":[]}"
1_20201019D,0.854165713340196,1.6030656E12,"{""type"":""MultiPoint"",""coordinates"":[]}"
1_20201023D,1.3228340923159154,1.6034112E12,"{""type"":""MultiPoint"",""coordinates"":[]}"
1_20201024D,2.020586659461605,1.6034976E12,"{""type"":""MultiPoint"",""coordinates"":[]}"
1_20201027D,1.1234793003130221,1.6037568E12,"{""type"":""MultiPoint"",""coordinates"":[]}"
1_20201028D,1.345653837792099,1.6038432E12,"{""type"":""MultiPoint"",""coordinates"":[]}"
1_20201029D,0.8494200293484214,1.6039296E12,"{""type"":""MultiPoint"",""coordinates"":[]}"
1_20201103D,1.4496166866025804,1.6043616E12,"{""type"":""MultiPoint"",""coordinates"":[]}"
1_20201104D,1.6136481572153705,1.604448E12,"{""type"":""MultiPoint"",""coordinates"":[]}"
1_20201107D,1.200543506901277,1.6047072E12,"{""type"":""MultiPoint"",""coordinates"":[]}"
1_20201108D,1.3392993192583587,1.6047936E12,"{""type"":""MultiPoint"",""coordinates"":[]}"
1_20201120D,1.6164538188828956,1.6058304E12,"{""type"":""MultiPoint"",""coordinates"":[]}"
1_20201122D,1.5309696077606605,1.6060032E12,"{""type"":""MultiPoint"",""coordinates"":[]}"
1_20201123D,1.5567666091839116,1.6060896E12,"{""type"":""MultiPoint"",""coordinates"":[]}"
1_20201126D,1.1849851872342188,1.6063488E12,"{""type"":""MultiPoint"",""coordinates"":[]}"
1_20201127D,1.234407788012237,1.6064352E12,"{""type"":""MultiPoint"",""coordinates"":[]}"
1_20201128D,0.6610051365860061,1.6065216E12,"{""type"":""MultiPoint"",""coordinates"":[]}"
1_20201208D,1.5269287894279098,1.6073856E12,"{""type"":""MultiPoint"",""coordinates"":[]}"
1_20201216D,1.311693734370054,1.6080768E12,"{""type"":""MultiPoint"",""coordinates"":[]}"
1_20201219D,0.9598889652522796,1.608336E12,"{""type"":""MultiPoint"",""coordinates"":[]}"
1_20201224D,1.5000334597008012,1.608768E12,"{""type"":""MultiPoint"",""coordinates"":[]}"
1_20210103D,1.1809525708543775,1.609632E12,"{""type"":""MultiPoint"",""coordinates"":[]}"
1_20210104D,1.0824197793701094,1.6097184E12,"{""type"":""MultiPoint"",""coordinates"":[]}"
1_20210112D,1.4575927106673796,1.6104096E12,"{""type"":""MultiPoint"",""coordinates"":[]}"
1_20210115D,0.8495422520050167,1.6106688E12,"{""type"":""MultiPoint"",""coordinates"":[]}"
1_20210116D,0.4805092981242884,1.6107552E12,"{""type"":""MultiPoint"",""coordinates"":[]}"
1_20210121D,0.12492851477850572,1.6111872E12,"{""type"":""MultiPoint"",""coordinates"":[]}"
1_20210122D,1.3803831114749183,1.6112736E12,"{""type"":""MultiPoint"",""coordinates"":[]}"
1_20210125D,0.9678108562374129,1.6115328E12,"{""type"":""MultiPoint"",""coordinates"":[]}"
1_20210126D,1.2356140709159398,1.6116192E12,"{""type"":""MultiPoint"",""coordinates"":[]}"
1_20210130D,0.8676785025720135,1.6119648E12,"{""type"":""MultiPoint"",""coordinates"":[]}"
1_20210131D,1.0320516863782512,1.6120512E12,"{""type"":""MultiPoint"",""coordinates"":[]}"
1_20210202D,1.6559069776406166,1.612224E12,"{""type"":""MultiPoint"",""coordinates"":[]}"
1_20210206D,0.7721509202806071,1.6125696E12,"{""type"":""MultiPoint"",""coordinates"":[]}"
1_20210210D,1.2299417764444314,1.6129152E12,"{""type"":""MultiPoint"",""coordinates"":[]}"
1_20210211D,0.6303866848645195,1.6130016E12,"{""type"":""MultiPoint"",""coordinates"":[]}"
1_20210213D,0.5965948441332054,1.6131744E12,"{""type"":""MultiPoint"",""coordinates"":[]}"
1_20210217D,1.2894819263420543,1.61352E12,"{""type"":""MultiPoint"",""coordinates"":[]}"
1_20210219D,1.2991834786301775,1.6136928E12,"{""type"":""MultiPoint"",""coordinates"":[]}"
1_20210225D,-0.5628839069519214,1.6142112E12,"{""type"":""MultiPoint"",""coordinates"":[]}"
1_20210226D,1.4357784708055599,1.6142976E12,"{""type"":""MultiPoint"",""coordinates"":[]}"
1_20210228D,1.046879139555597,1.6144704E12,"{""type"":""MultiPoint"",""coordinates"":[]}"
1_20210301D,0.9477817618368348,1.6145568E12,"{""type"":""MultiPoint"",""coordinates"":[]}"
1_20210302D,0.9195761488246864,1.6146432E12,"{""type"":""MultiPoint"",""coordinates"":[]}"
1_20210305D,1.4883105198489728,1.6149024E12,"{""type"":""MultiPoint"",""coordinates"":[]}"
1_20210306D,1.3238040574851904,1.6149888E12,"{""type"":""MultiPoint"",""coordinates"":[]}"
1_20210308D,1.1950872311238965,1.6151616E12,"{""type"":""MultiPoint"",""coordinates"":[]}"
1_20210309D,0.7503223816332912,1.615248E12,"{""type"":""MultiPoint"",""coordinates"":[]}"
1_20210312D,1.9257933853034097,1.6155072E12,"{""type"":""MultiPoint"",""coordinates"":[]}"
1_20210313D,1.3118915845367212,1.6155936E12,"{""type"":""MultiPoint"",""coordinates"":[]}"
1_20210314D,1.4005845181691285,1.61568E12,"{""type"":""MultiPoint"",""coordinates"":[]}"
1_20210315D,0.6413947800660484,1.6157664E12,"{""type"":""MultiPoint"",""coordinates"":[]}"
1_20210316D,1.4365234684777872,1.6158528E12,"{""type"":""MultiPoint"",""coordinates"":[]}"
1_20210317D,1.1727523987672281,1.6159392E12,"{""type"":""MultiPoint"",""coordinates"":[]}"
1_20210319D,0.9410817002153327,1.616112E12,"{""type"":""MultiPoint"",""coordinates"":[]}"
1_20210324D,1.1870070134343291,1.616544E12,"{""type"":""MultiPoint"",""coordinates"":[]}"
1_20210327D,1.3704406611616617,1.6168032E12,"{""type"":""MultiPoint"",""coordinates"":[]}"
1_20210329D,1.2319652527767837,1.616976E12,"{""type"":""MultiPoint"",""coordinates"":[]}"
1_20210330D,1.1949014143229917,1.6170624E12,"{""type"":""MultiPoint"",""coordinates"":[]}"
1_20210331D,1.6927687977290808,1.6171488E12,"{""type"":""MultiPoint"",""coordinates"":[]}"
1_20210401D,1.4804075216239536,1.6172352E12,"{""type"":""MultiPoint"",""coordinates"":[]}"
1_20210403D,1.3222475223837322,1.617408E12,"{""type"":""MultiPoint"",""coordinates"":[]}"
1_20210405D,0.741939077729199,1.6175808E12,"{""type"":""MultiPoint"",""coordinates"":[]}"
1_20210407D,1.5834122955495784,1.6177536E12,"{""type"":""MultiPoint"",""coordinates"":[]}"
1_20210408D,0.5290894037424341,1.61784E12,"{""type"":""MultiPoint"",""coordinates"":[]}"
1_20210412D,1.6000149514787236,1.6181856E12,"{""type"":""MultiPoint"",""coordinates"":[]}"
1_20210413D,1.5671927173968565,1.618272E12,"{""type"":""MultiPoint"",""coordinates"":[]}"
1_20210414D,1.512885511318099,1.6183584E12,"{""type"":""MultiPoint"",""coordinates"":[]}"
1_20210415D,1.0381648784554467,1.6184448E12,"{""type"":""MultiPoint"",""coordinates"":[]}"
1_20210416D,1.4942681599353114,1.6185312E12,"{""type"":""MultiPoint"",""coordinates"":[]}"
1_20210418D,1.272314411749719,1.618704E12,"{""type"":""MultiPoint"",""coordinates"":[]}"
1_20210419D,0.9989956859801802,1.6187904E12,"{""type"":""MultiPoint"",""coordinates"":[]}"
1_20210420D,1.3924854035381211,1.6188768E12,"{""type"":""MultiPoint"",""coordinates"":[]}"
1_20210422D,1.276312433525563,1.6190496E12,"{""type"":""MultiPoint"",""coordinates"":[]}"
1_20210423D,1.4526944272127396,1.619136E12,"{""type"":""MultiPoint"",""coordinates"":[]}"
1_20210424D,1.4162913415464657,1.6192224E12,"{""type"":""MultiPoint"",""coordinates"":[]}"
1_20210426D,1.0953454607493889,1.6193952E12,"{""type"":""MultiPoint"",""coordinates"":[]}"
1_20210427D,1.4354685724036123,1.6194816E12,"{""type"":""MultiPoint"",""coordinates"":[]}"
1_20210428D,1.5289304995752655,1.619568E12,"{""type"":""MultiPoint"",""coordinates"":[]}"
1_20210430D,1.444228869443525,1.6197408E12,"{""type"":""MultiPoint"",""coordinates"":[]}"
1_20210502D,0.6203486479040706,1.6199136E12,"{""type"":""MultiPoint"",""coordinates"":[]}"
1_20210503D,1.3158841679132607,1.62E12,"{""type"":""MultiPoint"",""coordinates"":[]}"
1_20210507D,1.5019949588390957,1.6203456E12,"{""type"":""MultiPoint"",""coordinates"":[]}"
1_20210509D,1.4655898540660701,1.6205184E12,"{""type"":""MultiPoint"",""coordinates"":[]}"
1_20210512D,1.2129788860693944,1.6207776E12,"{""type"":""MultiPoint"",""coordinates"":[]}"
1_20210516D,0.9102680615670251,1.6211232E12,"{""type"":""MultiPoint"",""coordinates"":[]}"
1_20210517D,0.5171863943231282,1.6212096E12,"{""type"":""MultiPoint"",""coordinates"":[]}"
1_20210519D,1.3362277250744707,1.6213824E12,"{""type"":""MultiPoint"",""coordinates"":[]}"
1_20210520D,1.0693872779069562,1.6214688E12,"{""type"":""MultiPoint"",""coordinates"":[]}"
1_20210521D,0.7240791634079932,1.6215552E12,"{""type"":""MultiPoint"",""coordinates"":[]}"
1_20210523D,1.5234146856108208,1.621728E12,"{""type"":""MultiPoint"",""coordinates"":[]}"
1_20210527D,1.151541335094512,1.6220736E12,"{""type"":""MultiPoint"",""coordinates"":[]}"
1_20210530D,1.3062478487853455,1.6223328E12,"{""type"":""MultiPoint"",""coordinates"":[]}"
1_20210531D,1.6312553305802853,1.6224192E12,"{""type"":""MultiPoint"",""coordinates"":[]}"
1_20210601D,1.5538529175087274,1.6225056E12,"{""type"":""MultiPoint"",""coordinates"":[]}"
1_20210602D,1.9071147787932912,1.622592E12,"{""type"":""MultiPoint"",""coordinates"":[]}"
1_20210603D,1.5818540064323336,1.6226784E12,"{""type"":""MultiPoint"",""coordinates"":[]}"
1_20210604D,1.0960180956075,1.6227648E12,"{""type"":""MultiPoint"",""coordinates"":[]}"
1_20210607D,1.3178614326549114,1.623024E12,"{""type"":""MultiPoint"",""coordinates"":[]}"
1_20210608D,1.0847248023637481,1.6231104E12,"{""type"":""MultiPoint"",""coordinates"":[]}"
1_20210609D,1.7292637063892375,1.6231968E12,"{""type"":""MultiPoint"",""coordinates"":[]}"
1_20210610D,1.7418676141283944,1.6232832E12,"{""type"":""MultiPoint"",""coordinates"":[]}"
1_20210611D,1.5528289622480056,1.6233696E12,"{""type"":""MultiPoint"",""coordinates"":[]}"
1_20210612D,0.8172151690351551,1.623456E12,"{""type"":""MultiPoint"",""coordinates"":[]}"
1_20210614D,1.3061512276100866,1.6236288E12,"{""type"":""MultiPoint"",""coordinates"":[]}"
1_20210615D,1.489627631148191,1.6237152E12,"{""type"":""MultiPoint"",""coordinates"":[]}"
1_20210616D,1.4840651073279625,1.6238016E12,"{""type"":""MultiPoint"",""coordinates"":[]}"
1_20210618D,1.505690730296207,1.6239744E12,"{""type"":""MultiPoint"",""coordinates"":[]}"
1_20210619D,1.2496575316522813,1.6240608E12,"{""type"":""MultiPoint"",""coordinates"":[]}"
1_20210624D,-1.9865660992912504,1.6244928E12,"{""type"":""MultiPoint"",""coordinates"":[]}"
1_20210625D,1.2411196023052318,1.6245792E12,"{""type"":""MultiPoint"",""coordinates"":[]}"
1_20210626D,1.6244029452644586,1.6246656E12,"{""type"":""MultiPoint"",""coordinates"":[]}"
1_20210627D,1.341158918354066,1.624752E12,"{""type"":""MultiPoint"",""coordinates"":[]}"
1_20210701D,1.011608652799216,1.6250976E12,"{""type"":""MultiPoint"",""coordinates"":[]}"
1_20210703D,1.1669574451398446,1.6252704E12,"{""type"":""MultiPoint"",""coordinates"":[]}"
1_20210704D,0.6446274854072517,1.6253568E12,"{""type"":""MultiPoint"",""coordinates"":[]}"
1_20210707D,1.6409591673903943,1.625616E12,"{""type"":""MultiPoint"",""coordinates"":[]}"
1_20210708D,1.2454311396450588,1.6257024E12,"{""type"":""MultiPoint"",""coordinates"":[]}"
1_20210711D,1.7101643245645912,1.6259616E12,"{""type"":""MultiPoint"",""coordinates"":[]}"
1_20210712D,0.7175207923841033,1.626048E12,"{""type"":""MultiPoint"",""coordinates"":[]}"
1_20210715D,1.7316824325249252,1.6263072E12,"{""type"":""MultiPoint"",""coordinates"":[]}"
1_20210716D,1.4331854064614875,1.6263936E12,"{""type"":""MultiPoint"",""coordinates"":[]}"
1_20210724D,1.3056101598739873,1.6270848E12,"{""type"":""MultiPoint"",""coordinates"":[]}"
1_20210725D,0.6524076191155889,1.6271712E12,"{""type"":""MultiPoint"",""coordinates"":[]}"
1_20210727D,0.850825266284809,1.627344E12,"{""type"":""MultiPoint"",""coordinates"":[]}"
1_20210728D,1.4080388848268934,1.6274304E12,"{""type"":""MultiPoint"",""coordinates"":[]}"
1_20210729D,1.3312234738810405,1.6275168E12,"{""type"":""MultiPoint"",""coordinates"":[]}"
1_20210730D,1.4233806200814352,1.6276032E12,"{""type"":""MultiPoint"",""coordinates"":[]}"
1_20210802D,1.532017012021233,1.6278624E12,"{""type"":""MultiPoint"",""coordinates"":[]}"
1_20210803D,1.3226914327286659,1.6279488E12,"{""type"":""MultiPoint"",""coordinates"":[]}"
1_20210804D,0.8095907444207422,1.6280352E12,"{""type"":""MultiPoint"",""coordinates"":[]}"
1_20210806D,1.5168679757431824,1.628208E12,"{""type"":""MultiPoint"",""coordinates"":[]}"
1_20210807D,1.399427319634631,1.6282944E12,"{""type"":""MultiPoint"",""coordinates"":[]}"
1_20210808D,0.3166267330291584,1.6283808E12,"{""type"":""MultiPoint"",""coordinates"":[]}"
1_20210810D,1.591052451208021,1.6285536E12,"{""type"":""MultiPoint"",""coordinates"":[]}"
1_20210811D,1.5188580051957226,1.62864E12,"{""type"":""MultiPoint"",""coordinates"":[]}"
1_20210812D,0.8649072170532925,1.6287264E12,"{""type"":""MultiPoint"",""coordinates"":[]}"
1_20210817D,1.5552215091093218,1.6291584E12,"{""type"":""MultiPoint"",""coordinates"":[]}"
1_20210818D,0.8957366106673141,1.6292448E12,"{""type"":""MultiPoint"",""coordinates"":[]}"
1_20210819D,0.708591974299397,1.6293312E12,"{""type"":""MultiPoint"",""coordinates"":[]}"
1_20210821D,0.9911422471896201,1.629504E12,"{""type"":""MultiPoint"",""coordinates"":[]}"
1_20210823D,1.621731055428114,1.6296768E12,"{""type"":""MultiPoint"",""coordinates"":[]}"
1_20210826D,0.917350953987549,1.629936E12,"{""type"":""MultiPoint"",""coordinates"":[]}"
1_20210830D,1.3048777406195453,1.6302816E12,"{""type"":""MultiPoint"",""coordinates"":[]}"
1_20210831D,1.1730734807972738,1.630368E12,"{""type"":""MultiPoint"",""coordinates"":[]}"
1_20210901D,1.1304784615303456,1.6304544E12,"{""type"":""MultiPoint"",""coordinates"":[]}"
1_20210902D,0.8684175799592619,1.6305408E12,"{""type"":""MultiPoint"",""coordinates"":[]}"
1_20210905D,0.8754777140257411,1.6308E12,"{""type"":""MultiPoint"",""coordinates"":[]}"
1_20210909D,1.3628024551892415,1.6311456E12,"{""type"":""MultiPoint"",""coordinates"":[]}"
1_20210913D,0.5821543051132563,1.6314912E12,"{""type"":""MultiPoint"",""coordinates"":[]}"
1_20210914D,1.166536559713625,1.6315776E12,"{""type"":""MultiPoint"",""coordinates"":[]}"
1_20210916D,0.24808062047631815,1.6317504E12,"{""type"":""MultiPoint"",""coordinates"":[]}"
1_20210917D,1.0063241169942019,1.6318368E12,"{""type"":""MultiPoint"",""coordinates"":[]}"
1_20210922D,1.3444505708307264,1.6322688E12,"{""type"":""MultiPoint"",""coordinates"":[]}"
1_20210925D,0.6776925746568366,1.632528E12,"{""type"":""MultiPoint"",""coordinates"":[]}"
1_20210928D,1.3291617597893082,1.6327872E12,"{""type"":""MultiPoint"",""coordinates"":[]}"
1_20210930D,1.5139666472261681,1.63296E12,"{""type"":""MultiPoint"",""coordinates"":[]}"
1_20211006D,0.9754426674091797,1.6334784E12,"{""type"":""MultiPoint"",""coordinates"":[]}"
1_20211007D,1.2971985054055393,1.6335648E12,"{""type"":""MultiPoint"",""coordinates"":[]}"
1_20211009D,1.611606304214737,1.6337376E12,"{""type"":""MultiPoint"",""coordinates"":[]}"
1_20211010D,1.512770436947498,1.633824E12,"{""type"":""MultiPoint"",""coordinates"":[]}"
1_20211011D,1.2915206998567783,1.6339104E12,"{""type"":""MultiPoint"",""coordinates"":[]}"
1_20211013D,1.2252192558699069,1.6340832E12,"{""type"":""MultiPoint"",""coordinates"":[]}"
1_20211015D,1.428743079356299,1.634256E12,"{""type"":""MultiPoint"",""coordinates"":[]}"
1_20211021D,1.304065276595366,1.6347744E12,"{""type"":""MultiPoint"",""coordinates"":[]}"
1_20211022D,1.5486135406097643,1.6348608E12,"{""type"":""MultiPoint"",""coordinates"":[]}"
1_20211024D,1.6315987831241383,1.6350336E12,"{""type"":""MultiPoint"",""coordinates"":[]}"
1_20211026D,1.7713380306047015,1.6352064E12,"{""type"":""MultiPoint"",""coordinates"":[]}"
1_20211028D,1.5317077280066334,1.6353792E12,"{""type"":""MultiPoint"",""coordinates"":[]}"
1_20211029D,1.5085589920244136,1.6354656E12,"{""type"":""MultiPoint"",""coordinates"":[]}"
1_20211101D,0.9817271205758148,1.6357248E12,"{""type"":""MultiPoint"",""coordinates"":[]}"
1_20211102D,1.0445242104369357,1.6358112E12,"{""type"":""MultiPoint"",""coordinates"":[]}"
1_20211105D,1.1574636439873747,1.6360704E12,"{""type"":""MultiPoint"",""coordinates"":[]}"
1_20211107D,1.544481820937043,1.6362432E12,"{""type"":""MultiPoint"",""coordinates"":[]}"
1_20211108D,0.7313504873391419,1.6363296E12,"{""type"":""MultiPoint"",""coordinates"":[]}"
1_20211117D,0.007171459385443971,1.6371072E12,"{""type"":""MultiPoint"",""coordinates"":[]}"
1_20211121D,1.4191183875362052,1.6374528E12,"{""type"":""MultiPoint"",""coordinates"":[]}"
1_20211122D,1.6629447795835102,1.6375392E12,"{""type"":""MultiPoint"",""coordinates"":[]}"
1_20211123D,0.8202401977583522,1.6376256E12,"{""type"":""MultiPoint"",""coordinates"":[]}"
1_20211125D,1.248040124130726,1.6377984E12,"{""type"":""MultiPoint"",""coordinates"":[]}"
2_20220211D,0.7157162159419649,1.6445376E12,"{""type"":""MultiPoint"",""coordinates"":[]}"
2_20220215D,0.8652923064205936,1.6448832E12,"{""type"":""MultiPoint"",""coordinates"":[]}"
2_20220219D,0.8167177902319952,1.6452288E12,"{""type"":""MultiPoint"",""coordinates"":[]}"
2_20220223D,0.7302505658745353,1.6455744E12,"{""type"":""MultiPoint"",""coordinates"":[]}"
2_20220227D,0.7103339239408208,1.64592E12,"{""type"":""MultiPoint"",""coordinates"":[]}"
2_20220228D,0.727523232542957,1.6460064E12,"{""type"":""MultiPoint"",""coordinates"":[]}"
2_20220303D,0.7105817432170767,1.6462656E12,"{""type"":""MultiPoint"",""coordinates"":[]}"
2_20220304D,0.7568952695468478,1.646352E12,"{""type"":""MultiPoint"",""coordinates"":[]}"
2_20220305D,0.7909849692064209,1.6464384E12,"{""type"":""MultiPoint"",""coordinates"":[]}"
2_20220306D,0.8073345717607309,1.6465248E12,"{""type"":""MultiPoint"",""coordinates"":[]}"
2_20220307D,0.732360662360182,1.6466112E12,"{""type"":""MultiPoint"",""coordinates"":[]}"
2_20220309D,0.7617238147855379,1.646784E12,"{""type"":""MultiPoint"",""coordinates"":[]}"
2_20220310D,0.7474711859962155,1.6468704E12,"{""type"":""MultiPoint"",""coordinates"":[]}"
2_20220311D,0.7069923223825858,1.6469568E12,"{""type"":""MultiPoint"",""coordinates"":[]}"
2_20220313D,0.7394974213204895,1.6471296E12,"{""type"":""MultiPoint"",""coordinates"":[]}"
2_20220315D,0.7163619537506134,1.6473024E12,"{""type"":""MultiPoint"",""coordinates"":[]}"
2_20220318D,0.778972338162608,1.6475616E12,"{""type"":""MultiPoint"",""coordinates"":[]}"
2_20220319D,0.7826911438724715,1.647648E12,"{""type"":""MultiPoint"",""coordinates"":[]}"
2_20220320D,0.7948285424008238,1.6477344E12,"{""type"":""MultiPoint"",""coordinates"":[]}"
2_20220321D,0.7398007279745525,1.6478208E12,"{""type"":""MultiPoint"",""coordinates"":[]}"
2_20220324D,0.7752990449361935,1.64808E12,"{""type"":""MultiPoint"",""coordinates"":[]}"
2_20220325D,0.7650403064219344,1.6481664E12,"{""type"":""MultiPoint"",""coordinates"":[]}"
2_20220329D,0.7050422218462253,1.648512E12,"{""type"":""MultiPoint"",""coordinates"":[]}"
2_20220330D,0.7465569461157635,1.6485984E12,"{""type"":""MultiPoint"",""coordinates"":[]}"
2_20220402D,0.6784659081175356,1.6488576E12,"{""type"":""MultiPoint"",""coordinates"":[]}"
2_20220403D,0.7816550397795051,1.648944E12,"{""type"":""MultiPoint"",""coordinates"":[]}"
2_20220407D,0.9882377991188481,1.6492896E12,"{""type"":""MultiPoint"",""coordinates"":[]}"
2_20220408D,0.7538394359736329,1.649376E12,"{""type"":""MultiPoint"",""coordinates"":[]}"
2_20220409D,0.8819338311089662,1.6494624E12,"{""type"":""MultiPoint"",""coordinates"":[]}"
2_20220410D,0.7911060726598321,1.6495488E12,"{""type"":""MultiPoint"",""coordinates"":[]}"
2_20220412D,0.8858667842059343,1.6497216E12,"{""type"":""MultiPoint"",""coordinates"":[]}"
2_20220414D,0.7523865533600265,1.6498944E12,"{""type"":""MultiPoint"",""coordinates"":[]}"
2_20220417D,0.809640230574841,1.6501536E12,"{""type"":""MultiPoint"",""coordinates"":[]}"
2_20220418D,0.794392845386001,1.65024E12,"{""type"":""MultiPoint"",""coordinates"":[]}"
2_20220420D,0.8776102457988947,1.6504128E12,"{""type"":""MultiPoint"",""coordinates"":[]}"
2_20220421D,0.7501612345373572,1.6504992E12,"{""type"":""MultiPoint"",""coordinates"":[]}"
2_20220422D,0.7946385725569292,1.6505856E12,"{""type"":""MultiPoint"",""coordinates"":[]}"
2_20220423D,0.888270307792453,1.650672E12,"{""type"":""MultiPoint"",""coordinates"":[]}"
2_20220424D,0.9423156445951486,1.6507584E12,"{""type"":""MultiPoint"",""coordinates"":[]}"
2_20220425D,0.7893159654517502,1.6508448E12,"{""type"":""MultiPoint"",""coordinates"":[]}"
2_20220426D,0.8010228735565451,1.6509312E12,"{""type"":""MultiPoint"",""coordinates"":[]}"
2_20220427D,0.9138745686785779,1.6510176E12,"{""type"":""MultiPoint"",""coordinates"":[]}"
2_20220428D,0.8882847458193686,1.651104E12,"{""type"":""MultiPoint"",""coordinates"":[]}"
2_20220501D,0.6909413567593921,1.6513632E12,"{""type"":""MultiPoint"",""coordinates"":[]}"
2_20220502D,0.8334841624268343,1.6514496E12,"{""type"":""MultiPoint"",""coordinates"":[]}"
2_20220503D,0.760072650899975,1.651536E12,"{""type"":""MultiPoint"",""coordinates"":[]}"
2_20220507D,0.5320783614736636,1.6518816E12,"{""type"":""MultiPoint"",""coordinates"":[]}"
2_20220508D,0.8442250946628963,1.651968E12,"{""type"":""MultiPoint"",""coordinates"":[]}"
2_20220509D,0.78969571055398,1.6520544E12,"{""type"":""MultiPoint"",""coordinates"":[]}"
2_20220512D,0.8790508708570276,1.6523136E12,"{""type"":""MultiPoint"",""coordinates"":[]}"
2_20220513D,0.940932900576757,1.6524E12,"{""type"":""MultiPoint"",""coordinates"":[]}"
2_20220514D,0.7713073005060576,1.6524864E12,"{""type"":""MultiPoint"",""coordinates"":[]}"
2_20220516D,1.1444421667332123,1.6526592E12,"{""type"":""MultiPoint"",""coordinates"":[]}"
2_20220518D,0.9426742964916202,1.652832E12,"{""type"":""MultiPoint"",""coordinates"":[]}"
2_20220521D,0.9420095642954658,1.6530912E12,"{""type"":""MultiPoint"",""coordinates"":[]}"
2_20220522D,0.9841837867064267,1.6531776E12,"{""type"":""MultiPoint"",""coordinates"":[]}"
2_20220525D,1.1720244191130726,1.6534368E12,"{""type"":""MultiPoint"",""coordinates"":[]}"
2_20220526D,0.9346508835545959,1.6535232E12,"{""type"":""MultiPoint"",""coordinates"":[]}"
2_20220527D,1.2414965549304537,1.6536096E12,"{""type"":""MultiPoint"",""coordinates"":[]}"
2_20220529D,0.9051027200686477,1.6537824E12,"{""type"":""MultiPoint"",""coordinates"":[]}"
2_20220530D,0.8112978987426235,1.6538688E12,"{""type"":""MultiPoint"",""coordinates"":[]}"
2_20220531D,0.9528997428586691,1.6539552E12,"{""type"":""MultiPoint"",""coordinates"":[]}"
2_20220601D,0.9922294759929751,1.6540416E12,"{""type"":""MultiPoint"",""coordinates"":[]}"
2_20220605D,0.7411499528414572,1.6543872E12,"{""type"":""MultiPoint"",""coordinates"":[]}"
2_20220606D,0.9405066199421949,1.6544736E12,"{""type"":""MultiPoint"",""coordinates"":[]}"
2_20220609D,0.8882290779533568,1.6547328E12,"{""type"":""MultiPoint"",""coordinates"":[]}"
2_20220610D,0.7900610917244523,1.6548192E12,"{""type"":""MultiPoint"",""coordinates"":[]}"
2_20220611D,0.9155816957999933,1.6549056E12,"{""type"":""MultiPoint"",""coordinates"":[]}"
2_20220612D,0.9182560203255757,1.654992E12,"{""type"":""MultiPoint"",""coordinates"":[]}"
2_20220613D,0.8737838446606981,1.6550784E12,"{""type"":""MultiPoint"",""coordinates"":[]}"
2_20220614D,0.8923018124332257,1.6551648E12,"{""type"":""MultiPoint"",""coordinates"":[]}"
2_20220615D,0.8875760294978683,1.6552512E12,"{""type"":""MultiPoint"",""coordinates"":[]}"
2_20220616D,0.9662743458707784,1.6553376E12,"{""type"":""MultiPoint"",""coordinates"":[]}"
2_20220619D,0.8155509124208767,1.6555968E12,"{""type"":""MultiPoint"",""coordinates"":[]}"
2_20220620D,0.9061723522021311,1.6556832E12,"{""type"":""MultiPoint"",""coordinates"":[]}"
2_20220621D,0.24353410183206192,1.6557696E12,"{""type"":""MultiPoint"",""coordinates"":[]}"
2_20220623D,0.8860233404231973,1.6559424E12,"{""type"":""MultiPoint"",""coordinates"":[]}"
2_20220624D,0.7976348122112543,1.6560288E12,"{""type"":""MultiPoint"",""coordinates"":[]}"
2_20220625D,0.7554958286879428,1.6561152E12,"{""type"":""MultiPoint"",""coordinates"":[]}"
2_20220628D,0.8418482578521231,1.6563744E12,"{""type"":""MultiPoint"",""coordinates"":[]}"
2_20220629D,0.812817729866727,1.6564608E12,"{""type"":""MultiPoint"",""coordinates"":[]}"
2_20220630D,0.8545870781382338,1.6565472E12,"{""type"":""MultiPoint"",""coordinates"":[]}"
2_20220702D,0.9164531085569545,1.65672E12,"{""type"":""MultiPoint"",""coordinates"":[]}"
2_20220703D,0.8217708902033505,1.6568064E12,"{""type"":""MultiPoint"",""coordinates"":[]}"
2_20220704D,0.974957076308308,1.6568928E12,"{""type"":""MultiPoint"",""coordinates"":[]}"
2_20220705D,0.9301680171696941,1.6569792E12,"{""type"":""MultiPoint"",""coordinates"":[]}"
2_20220706D,0.8301424035741389,1.6570656E12,"{""type"":""MultiPoint"",""coordinates"":[]}"
2_20220708D,1.055368476811665,1.6572384E12,"{""type"":""MultiPoint"",""coordinates"":[]}"
2_20220709D,0.8214184327077848,1.6573248E12,"{""type"":""MultiPoint"",""coordinates"":[]}"
2_20220710D,0.4122213516831569,1.6574112E12,"{""type"":""MultiPoint"",""coordinates"":[]}"
2_20220713D,0.7314811336568369,1.6576704E12,"{""type"":""MultiPoint"",""coordinates"":[]}"
2_20220715D,1.1318715735914826,1.6578432E12,"{""type"":""MultiPoint"",""coordinates"":[]}"
2_20220716D,1.0385531918524378,1.6579296E12,"{""type"":""MultiPoint"",""coordinates"":[]}"
2_20220717D,0.7856641463885746,1.658016E12,"{""type"":""MultiPoint"",""coordinates"":[]}"
2_20220719D,0.7691888989019282,1.6581888E12,"{""type"":""MultiPoint"",""coordinates"":[]}"
2_20220720D,0.9306853217860791,1.6582752E12,"{""type"":""MultiPoint"",""coordinates"":[]}"
2_20220727D,1.0596902837727669,1.65888E12,"{""type"":""MultiPoint"",""coordinates"":[]}"
2_20220728D,0.44897866800656344,1.6589664E12,"{""type"":""MultiPoint"",""coordinates"":[]}"
2_20220729D,0.6872172031996312,1.6590528E12,"{""type"":""MultiPoint"",""coordinates"":[]}"
2_20220801D,0.6474100462945798,1.659312E12,"{""type"":""MultiPoint"",""coordinates"":[]}"
2_20220802D,0.7634224315147097,1.6593984E12,"{""type"":""MultiPoint"",""coordinates"":[]}"
2_20220803D,0.8645973312268674,1.6594848E12,"{""type"":""MultiPoint"",""coordinates"":[]}"
2_20220804D,0.7795488635047086,1.6595712E12,"{""type"":""MultiPoint"",""coordinates"":[]}"
2_20220805D,0.7295896763851909,1.6596576E12,"{""type"":""MultiPoint"",""coordinates"":[]}"
2_20220806D,0.7519215956464871,1.659744E12,"{""type"":""MultiPoint"",""coordinates"":[]}"
2_20220808D,0.8057292974830375,1.6599168E12,"{""type"":""MultiPoint"",""coordinates"":[]}"
2_20220809D,0.7025029317819509,1.6600032E12,"{""type"":""MultiPoint"",""coordinates"":[]}"
2_20220811D,0.7597551250148771,1.660176E12,"{""type"":""MultiPoint"",""coordinates"":[]}"
2_20220812D,0.7743207534063888,1.6602624E12,"{""type"":""MultiPoint"",""coordinates"":[]}"
2_20220813D,0.7471932349083226,1.6603488E12,"{""type"":""MultiPoint"",""coordinates"":[]}"
2_20220815D,0.8779379241677282,1.6605216E12,"{""type"":""MultiPoint"",""coordinates"":[]}"
2_20220816D,0.6849922117656919,1.660608E12,"{""type"":""MultiPoint"",""coordinates"":[]}"
2_20220819D,0.7914446645843585,1.6608672E12,"{""type"":""MultiPoint"",""coordinates"":[]}"
2_20220820D,0.6532077485491602,1.6609536E12,"{""type"":""MultiPoint"",""coordinates"":[]}"
2_20220821D,0.719597254143563,1.66104E12,"{""type"":""MultiPoint"",""coordinates"":[]}"
2_20220823D,0.8481273294947533,1.6612128E12,"{""type"":""MultiPoint"",""coordinates"":[]}"
2_20220824D,0.6838007867217154,1.6612992E12,"{""type"":""MultiPoint"",""coordinates"":[]}"
2_20220825D,0.8233246156327008,1.6613856E12,"{""type"":""MultiPoint"",""coordinates"":[]}"
2_20220827D,0.8305861064080378,1.6615584E12,"{""type"":""MultiPoint"",""coordinates"":[]}"
2_20220828D,0.8282989084039472,1.6616448E12,"{""type"":""MultiPoint"",""coordinates"":[]}"
2_20220830D,0.8666197875097845,1.6618176E12,"{""type"":""MultiPoint"",""coordinates"":[]}"
2_20220831D,0.7472514841593311,1.661904E12,"{""type"":""MultiPoint"",""coordinates"":[]}"
2_20220901D,0.7693361728151379,1.6619904E12,"{""type"":""MultiPoint"",""coordinates"":[]}"
2_20220903D,0.9124119565957672,1.6621632E12,"{""type"":""MultiPoint"",""coordinates"":[]}"
2_20220904D,0.7491425230095398,1.6622496E12,"{""type"":""MultiPoint"",""coordinates"":[]}"
2_20220909D,0.9474887665819489,1.6626816E12,"{""type"":""MultiPoint"",""coordinates"":[]}"
2_20220910D,0.7658216498931446,1.662768E12,"{""type"":""MultiPoint"",""coordinates"":[]}"
2_20220911D,0.773012167094074,1.6628544E12,"{""type"":""MultiPoint"",""coordinates"":[]}"
2_20220914D,0.9512056326102162,1.6631136E12,"{""type"":""MultiPoint"",""coordinates"":[]}"
2_20220915D,0.7676179212845298,1.6632E12,"{""type"":""MultiPoint"",""coordinates"":[]}"
2_20220918D,0.5423772129021804,1.6634592E12,"{""type"":""MultiPoint"",""coordinates"":[]}"
2_20220919D,0.7103260076793589,1.6635456E12,"{""type"":""MultiPoint"",""coordinates"":[]}"
2_20220920D,0.7597361895669239,1.663632E12,"{""type"":""MultiPoint"",""coordinates"":[]}"
2_20220921D,0.623248882091892,1.6637184E12,"{""type"":""MultiPoint"",""coordinates"":[]}"
2_20220922D,0.7707729054233754,1.6638048E12,"{""type"":""MultiPoint"",""coordinates"":[]}"
2_20220925D,0.8413619367615919,1.664064E12,"{""type"":""MultiPoint"",""coordinates"":[]}"
2_20220929D,0.7339348187396734,1.6644096E12,"{""type"":""MultiPoint"",""coordinates"":[]}"
2_20220930D,0.828018393037503,1.664496E12,"{""type"":""MultiPoint"",""coordinates"":[]}"
2_20221001D,0.7154119054404213,1.6645824E12,"{""type"":""MultiPoint"",""coordinates"":[]}"
2_20221003D,0.9201021009152259,1.6647552E12,"{""type"":""MultiPoint"",""coordinates"":[]}"
2_20221004D,0.6830640160111939,1.6648416E12,"{""type"":""MultiPoint"",""coordinates"":[]}"
2_20221007D,0.7990078571609326,1.6651008E12,"{""type"":""MultiPoint"",""coordinates"":[]}"
2_20221008D,0.7609212344415713,1.6651872E12,"{""type"":""MultiPoint"",""coordinates"":[]}"
2_20221009D,0.8040174033071683,1.6652736E12,"{""type"":""MultiPoint"",""coordinates"":[]}"
2_20221011D,0.9020703346814823,1.6654464E12,"{""type"":""MultiPoint"",""coordinates"":[]}"
2_20221012D,0.776830004416793,1.6655328E12,"{""type"":""MultiPoint"",""coordinates"":[]}"
2_20221014D,0.8323987145852737,1.6657056E12,"{""type"":""MultiPoint"",""coordinates"":[]}"
2_20221015D,0.6692725692558583,1.665792E12,"{""type"":""MultiPoint"",""coordinates"":[]}"
2_20221016D,0.7926967717317278,1.6658784E12,"{""type"":""MultiPoint"",""coordinates"":[]}"
2_20221018D,0.8441324829282444,1.6660512E12,"{""type"":""MultiPoint"",""coordinates"":[]}"
2_20221019D,0.7587209696414463,1.6661376E12,"{""type"":""MultiPoint"",""coordinates"":[]}"
2_20221020D,0.6069185958630383,1.666224E12,"{""type"":""MultiPoint"",""coordinates"":[]}"
2_20221022D,0.6884706861137802,1.6663968E12,"{""type"":""MultiPoint"",""coordinates"":[]}"
2_20221024D,1.027486112678921,1.6665696E12,"{""type"":""MultiPoint"",""coordinates"":[]}"
2_20221025D,0.7393236529468525,1.666656E12,"{""type"":""MultiPoint"",""coordinates"":[]}"
2_20221030D,0.733358743091325,1.667088E12,"{""type"":""MultiPoint"",""coordinates"":[]}"
2_20221031D,0.6416130369615671,1.6671744E12,"{""type"":""MultiPoint"",""coordinates"":[]}"
2_20230208D,0.8139339789887063,1.6758144E12,"{""type"":""MultiPoint"",""coordinates"":[]}"
2_20230214D,0.7249724723971335,1.6763328E12,"{""type"":""MultiPoint"",""coordinates"":[]}"
2_20230221D,0.7966583279503382,1.6769376E12,"{""type"":""MultiPoint"",""coordinates"":[]}"
2_20230224D,0.8659201717693029,1.6771968E12,"{""type"":""MultiPoint"",""coordinates"":[]}"
2_20230225D,0.7462496522924775,1.6772832E12,"{""type"":""MultiPoint"",""coordinates"":[]}"
2_20230226D,0.8493418338781965,1.6773696E12,"{""type"":""MultiPoint"",""coordinates"":[]}"
2_20230227D,0.7940044785581809,1.677456E12,"{""type"":""MultiPoint"",""coordinates"":[]}"
2_20230228D,0.7900852040313231,1.6775424E12,"{""type"":""MultiPoint"",""coordinates"":[]}"
2_20230303D,0.7070613923620999,1.6778016E12,"{""type"":""MultiPoint"",""coordinates"":[]}"
2_20230304D,0.8333343175049648,1.677888E12,"{""type"":""MultiPoint"",""coordinates"":[]}"
2_20230305D,0.7502309417824412,1.6779744E12,"{""type"":""MultiPoint"",""coordinates"":[]}"
2_20230307D,0.8303184397181319,1.6781472E12,"{""type"":""MultiPoint"",""coordinates"":[]}"
2_20230308D,0.7358415364243126,1.6782336E12,"{""type"":""MultiPoint"",""coordinates"":[]}"
2_20230309D,0.7266892028966684,1.67832E12,"{""type"":""MultiPoint"",""coordinates"":[]}"
2_20230311D,0.8317311763785823,1.6784928E12,"{""type"":""MultiPoint"",""coordinates"":[]}"
2_20230313D,0.8067291509953411,1.6786656E12,"{""type"":""MultiPoint"",""coordinates"":[]}"
2_20230314D,0.8010884261169748,1.678752E12,"{""type"":""MultiPoint"",""coordinates"":[]}"
2_20230315D,0.8129543922181559,1.6788384E12,"{""type"":""MultiPoint"",""coordinates"":[]}"
2_20230318D,0.8872551851896235,1.6790976E12,"{""type"":""MultiPoint"",""coordinates"":[]}"
2_20230319D,0.7259544561505678,1.679184E12,"{""type"":""MultiPoint"",""coordinates"":[]}"
2_20230323D,0.781866733664571,1.6795296E12,"{""type"":""MultiPoint"",""coordinates"":[]}"
2_20230324D,0.7503252829752669,1.679616E12,"{""type"":""MultiPoint"",""coordinates"":[]}"
2_20230326D,0.8224843606777337,1.6797888E12,"{""type"":""MultiPoint"",""coordinates"":[]}"
2_20230327D,0.6818041132934904,1.6798752E12,"{""type"":""MultiPoint"",""coordinates"":[]}"
2_20230328D,0.7580556374415311,1.6799616E12,"{""type"":""MultiPoint"",""coordinates"":[]}"
2_20230402D,0.7843411616672668,1.6803936E12,"{""type"":""MultiPoint"",""coordinates"":[]}"
2_20230403D,0.8260269952481927,1.68048E12,"{""type"":""MultiPoint"",""coordinates"":[]}"
2_20230406D,0.8414167519668757,1.6807392E12,"{""type"":""MultiPoint"",""coordinates"":[]}"
2_20230407D,0.8428227023268752,1.6808256E12,"{""type"":""MultiPoint"",""coordinates"":[]}"
2_20230408D,0.7469712939292517,1.680912E12,"{""type"":""MultiPoint"",""coordinates"":[]}"
2_20230411D,0.693093507382433,1.6811712E12,"{""type"":""MultiPoint"",""coordinates"":[]}"
2_20230413D,0.9715403711864709,1.681344E12,"{""type"":""MultiPoint"",""coordinates"":[]}"
2_20230414D,0.8027087263267025,1.6814304E12,"{""type"":""MultiPoint"",""coordinates"":[]}"
2_20230417D,0.8528199721214513,1.6816896E12,"{""type"":""MultiPoint"",""coordinates"":[]}"
2_20230418D,0.9309146759235888,1.681776E12,"{""type"":""MultiPoint"",""coordinates"":[]}"
2_20230419D,0.8322314586712205,1.6818624E12,"{""type"":""MultiPoint"",""coordinates"":[]}"
2_20230421D,0.946541610925136,1.6820352E12,"{""type"":""MultiPoint"",""coordinates"":[]}"
2_20230422D,0.8049382961531146,1.6821216E12,"{""type"":""MultiPoint"",""coordinates"":[]}"
2_20230423D,0.7200134730523259,1.682208E12,"{""type"":""MultiPoint"",""coordinates"":[]}"
2_20230425D,0.9394867508581455,1.6823808E12,"{""type"":""MultiPoint"",""coordinates"":[]}"
2_20230426D,0.7807875537290103,1.6824672E12,"{""type"":""MultiPoint"",""coordinates"":[]}"
2_20230427D,0.7412064670923001,1.6825536E12,"{""type"":""MultiPoint"",""coordinates"":[]}"
2_20230429D,0.9036441728593742,1.6827264E12,"{""type"":""MultiPoint"",""coordinates"":[]}"
2_20230430D,0.7486026866335206,1.6828128E12,"{""type"":""MultiPoint"",""coordinates"":[]}"
2_20230501D,0.6080185157701774,1.6828992E12,"{""type"":""MultiPoint"",""coordinates"":[]}"
2_20230502D,1.0028263698049413,1.6829856E12,"{""type"":""MultiPoint"",""coordinates"":[]}"
2_20230503D,0.981376243743926,1.683072E12,"{""type"":""MultiPoint"",""coordinates"":[]}"
2_20230504D,0.7091745886203505,1.6831584E12,"{""type"":""MultiPoint"",""coordinates"":[]}"
2_20230508D,0.7860557882644905,1.683504E12,"{""type"":""MultiPoint"",""coordinates"":[]}"
2_20230512D,0.7846203517450138,1.6838496E12,"{""type"":""MultiPoint"",""coordinates"":[]}"
2_20230515D,0.7946927015583588,1.6841088E12,"{""type"":""MultiPoint"",""coordinates"":[]}"
2_20230518D,1.264361048298267,1.684368E12,"{""type"":""MultiPoint"",""coordinates"":[]}"
2_20230519D,0.9588779189101434,1.6844544E12,"{""type"":""MultiPoint"",""coordinates"":[]}"
2_20230520D,0.9203464579977835,1.6845408E12,"{""type"":""MultiPoint"",""coordinates"":[]}"
2_20230525D,0.9153048400106225,1.6849728E12,"{""type"":""MultiPoint"",""coordinates"":[]}"
2_20230526D,0.819708849602793,1.6850592E12,"{""type"":""MultiPoint"",""coordinates"":[]}"
2_20230527D,0.7539910343609976,1.6851456E12,"{""type"":""MultiPoint"",""coordinates"":[]}"
2_20230529D,0.870751106725665,1.6853184E12,"{""type"":""MultiPoint"",""coordinates"":[]}"
2_20230602D,0.8890003363800847,1.685664E12,"{""type"":""MultiPoint"",""coordinates"":[]}"
2_20230603D,0.7713968439097623,1.6857504E12,"{""type"":""MultiPoint"",""coordinates"":[]}"
2_20230605D,0.8204297344384619,1.6859232E12,"{""type"":""MultiPoint"",""coordinates"":[]}"
2_20230606D,0.9186545364040858,1.6860096E12,"{""type"":""MultiPoint"",""coordinates"":[]}"
2_20230608D,0.8049783187237806,1.6861824E12,"{""type"":""MultiPoint"",""coordinates"":[]}"
2_20230609D,0.7582224958758736,1.6862688E12,"{""type"":""MultiPoint"",""coordinates"":[]}"
2_20230610D,0.8971777469793243,1.6863552E12,"{""type"":""MultiPoint"",""coordinates"":[]}"
2_20230611D,0.7986911238706216,1.6864416E12,"{""type"":""MultiPoint"",""coordinates"":[]}"
2_20230613D,0.8637870311999586,1.6866144E12,"{""type"":""MultiPoint"",""coordinates"":[]}"
2_20230614D,0.7862333929873044,1.6867008E12,"{""type"":""MultiPoint"",""coordinates"":[]}"
2_20230617D,0.8658056550823502,1.68696E12,"{""type"":""MultiPoint"",""coordinates"":[]}"
2_20230618D,0.7045570283929455,1.6870464E12,"{""type"":""MultiPoint"",""coordinates"":[]}"
2_20230621D,0.903434485821225,1.6873056E12,"{""type"":""MultiPoint"",""coordinates"":[]}"
2_20230622D,0.7564515967472537,1.687392E12,"{""type"":""MultiPoint"",""coordinates"":[]}"
2_20230623D,0.10564142401504203,1.6874784E12,"{""type"":""MultiPoint"",""coordinates"":[]}"
2_20230624D,0.8917266928575647,1.6875648E12,"{""type"":""MultiPoint"",""coordinates"":[]}"
2_20230625D,0.843699296471294,1.6876512E12,"{""type"":""MultiPoint"",""coordinates"":[]}"
2_20230626D,0.7052703166809235,1.6877376E12,"{""type"":""MultiPoint"",""coordinates"":[]}"
2_20230630D,0.7685556740559436,1.6880832E12,"{""type"":""MultiPoint"",""coordinates"":[]}"
2_20230702D,1.0148597640717116,1.688256E12,"{""type"":""MultiPoint"",""coordinates"":[]}"
2_20230703D,0.6926354466931195,1.6883424E12,"{""type"":""MultiPoint"",""coordinates"":[]}"
2_20230704D,0.7688842473062704,1.6884288E12,"{""type"":""MultiPoint"",""coordinates"":[]}"
2_20230706D,0.9166297946592147,1.6886016E12,"{""type"":""MultiPoint"",""coordinates"":[]}"
2_20230707D,0.7465538501186515,1.688688E12,"{""type"":""MultiPoint"",""coordinates"":[]}"
2_20230708D,0.8686262336810638,1.6887744E12,"{""type"":""MultiPoint"",""coordinates"":[]}"
2_20230710D,0.9539658197728024,1.6889472E12,"{""type"":""MultiPoint"",""coordinates"":[]}"
2_20230712D,0.7067858058315798,1.68912E12,"{""type"":""MultiPoint"",""coordinates"":[]}"
2_20230713D,0.7037113065989511,1.6892064E12,"{""type"":""MultiPoint"",""coordinates"":[]}"
2_20230714D,0.8904456440679064,1.6892928E12,"{""type"":""MultiPoint"",""coordinates"":[]}"
2_20230715D,0.615438893177796,1.6893792E12,"{""type"":""MultiPoint"",""coordinates"":[]}"
2_20230717D,0.8719354225921794,1.689552E12,"{""type"":""MultiPoint"",""coordinates"":[]}"
2_20230718D,0.7841687668551299,1.6896384E12,"{""type"":""MultiPoint"",""coordinates"":[]}"
2_20230721D,0.8215432001809324,1.6898976E12,"{""type"":""MultiPoint"",""coordinates"":[]}"
2_20230722D,0.5042101793526077,1.689984E12,"{""type"":""MultiPoint"",""coordinates"":[]}"
2_20230724D,0.3150462249223451,1.6901568E12,"{""type"":""MultiPoint"",""coordinates"":[]}"
2_20230725D,0.9258520238929286,1.6902432E12,"{""type"":""MultiPoint"",""coordinates"":[]}"
2_20230726D,0.5870323763820366,1.6903296E12,"{""type"":""MultiPoint"",""coordinates"":[]}"
2_20230727D,0.743754940677852,1.690416E12,"{""type"":""MultiPoint"",""coordinates"":[]}"
2_20230728D,0.7649811710008954,1.6905024E12,"{""type"":""MultiPoint"",""coordinates"":[]}"
2_20230729D,0.8572492439031922,1.6905888E12,"{""type"":""MultiPoint"",""coordinates"":[]}"
2_20230801D,0.7936050198339295,1.690848E12,"{""type"":""MultiPoint"",""coordinates"":[]}"
2_20230803D,0.7060948979820797,1.6910208E12,"{""type"":""MultiPoint"",""coordinates"":[]}"
2_20230805D,0.6455250682444295,1.6911936E12,"{""type"":""MultiPoint"",""coordinates"":[]}"
2_20230809D,0.9035894323325661,1.6915392E12,"{""type"":""MultiPoint"",""coordinates"":[]}"
2_20230810D,0.7544267841467694,1.6916256E12,"{""type"":""MultiPoint"",""coordinates"":[]}"
2_20230811D,0.6937842088208068,1.691712E12,"{""type"":""MultiPoint"",""coordinates"":[]}"
2_20230813D,0.8765687290171349,1.6918848E12,"{""type"":""MultiPoint"",""coordinates"":[]}"
2_20230815D,0.35226937860515645,1.6920576E12,"{""type"":""MultiPoint"",""coordinates"":[]}"
2_20230816D,0.8688212739320295,1.692144E12,"{""type"":""MultiPoint"",""coordinates"":[]}"
2_20230817D,0.9092977639107972,1.6922304E12,"{""type"":""MultiPoint"",""coordinates"":[]}"
2_20230820D,0.8577078223291269,1.6924896E12,"{""type"":""MultiPoint"",""coordinates"":[]}"
2_20230821D,0.7213117045562106,1.692576E12,"{""type"":""MultiPoint"",""coordinates"":[]}"
2_20230822D,0.5315831924692471,1.6926624E12,"{""type"":""MultiPoint"",""coordinates"":[]}"
2_20230824D,0.7401556193977823,1.6928352E12,"{""type"":""MultiPoint"",""coordinates"":[]}"
2_20230825D,0.639890576047866,1.6929216E12,"{""type"":""MultiPoint"",""coordinates"":[]}"
2_20230826D,0.46894549264600616,1.693008E12,"{""type"":""MultiPoint"",""coordinates"":[]}"
2_20230828D,0.8278431795999734,1.6931808E12,"{""type"":""MultiPoint"",""coordinates"":[]}"
2_20230831D,0.6841989803160872,1.69344E12,"{""type"":""MultiPoint"",""coordinates"":[]}"
2_20230901D,0.8141197960035638,1.6935264E12,"{""type"":""MultiPoint"",""coordinates"":[]}"
2_20230902D,0.6547037427621976,1.6936128E12,"{""type"":""MultiPoint"",""coordinates"":[]}"
2_20230904D,0.8637128189354019,1.6937856E12,"{""type"":""MultiPoint"",""coordinates"":[]}"
2_20230905D,0.8561555258949126,1.693872E12,"{""type"":""MultiPoint"",""coordinates"":[]}"
2_20230906D,0.7930373901307082,1.6939584E12,"{""type"":""MultiPoint"",""coordinates"":[]}"
2_20230908D,0.8479991918719687,1.6941312E12,"{""type"":""MultiPoint"",""coordinates"":[]}"
2_20230909D,0.7429817284567333,1.6942176E12,"{""type"":""MultiPoint"",""coordinates"":[]}"
2_20230913D,0.6723845923795826,1.6945632E12,"{""type"":""MultiPoint"",""coordinates"":[]}"
2_20230914D,0.7658370967474788,1.6946496E12,"{""type"":""MultiPoint"",""coordinates"":[]}"
2_20230915D,0.8530691129215687,1.694736E12,"{""type"":""MultiPoint"",""coordinates"":[]}"
2_20230916D,0.8200362441565612,1.6948224E12,"{""type"":""MultiPoint"",""coordinates"":[]}"
2_20230917D,0.8449041295595714,1.6949088E12,"{""type"":""MultiPoint"",""coordinates"":[]}"
2_20230920D,0.961150714872826,1.695168E12,"{""type"":""MultiPoint"",""coordinates"":[]}"
2_20230923D,0.7363943970418707,1.6954272E12,"{""type"":""MultiPoint"",""coordinates"":[]}"
2_20230924D,0.8008704115723279,1.6955136E12,"{""type"":""MultiPoint"",""coordinates"":[]}"
2_20230927D,0.5807073828633397,1.6957728E12,"{""type"":""MultiPoint"",""coordinates"":[]}"
2_20231005D,0.9287714861214006,1.696464E12,"{""type"":""MultiPoint"",""coordinates"":[]}"
2_20231012D,0.8889869994034354,1.6970688E12,"{""type"":""MultiPoint"",""coordinates"":[]}"
2_20231014D,0.697447557657324,1.6972416E12,"{""type"":""MultiPoint"",""coordinates"":[]}"
2_20231016D,0.8908007605425005,1.6974144E12,"{""type"":""MultiPoint"",""coordinates"":[]}"
2_20231017D,0.9328864309878915,1.6975008E12,"{""type"":""MultiPoint"",""coordinates"":[]}"
2_20231018D,0.7967765304207568,1.6975872E12,"{""type"":""MultiPoint"",""coordinates"":[]}"
2_20231023D,0.7945425302552666,1.6980192E12,"{""type"":""MultiPoint"",""coordinates"":[]}"
2_20231025D,0.7520363172799946,1.698192E12,"{""type"":""MultiPoint"",""coordinates"":[]}"
2_20231029D,0.7079309433246679,1.6985376E12,"{""type"":""MultiPoint"",""coordinates"":[]}"
2_20240223D,0.7685047693253944,1.7086464E12,"{""type"":""MultiPoint"",""coordinates"":[]}"
2_20240226D,0.5999602990712263,1.7089056E12,"{""type"":""MultiPoint"",""coordinates"":[]}"
2_20240305D,0.7622391692507553,1.7095968E12,"{""type"":""MultiPoint"",""coordinates"":[]}"
2_20240307D,0.9145668223010812,1.7097696E12,"{""type"":""MultiPoint"",""coordinates"":[]}"
2_20240308D,0.8094482736477897,1.709856E12,"{""type"":""MultiPoint"",""coordinates"":[]}"
2_20240309D,0.7520753780605788,1.7099424E12,"{""type"":""MultiPoint"",""coordinates"":[]}"
2_20240316D,0.8105866434101766,1.7105472E12,"{""type"":""MultiPoint"",""coordinates"":[]}"
2_20240323D,0.9070286472017896,1.711152E12,"{""type"":""MultiPoint"",""coordinates"":[]}"
2_20240324D,0.29331834946107366,1.7112384E12,"{""type"":""MultiPoint"",""coordinates"":[]}"
2_20240327D,0.7353653361822494,1.7114976E12,"{""type"":""MultiPoint"",""coordinates"":[]}"
2_20240403D,1.0948823523538056,1.7121024E12,"{""type"":""MultiPoint"",""coordinates"":[]}"
2_20240407D,1.0243830854445686,1.712448E12,"{""type"":""MultiPoint"",""coordinates"":[]}"
2_20240410D,1.0882774242951216,1.7127072E12,"{""type"":""MultiPoint"",""coordinates"":[]}"
2_20240414D,1.192887003383588,1.7130528E12,"{""type"":""MultiPoint"",""coordinates"":[]}"
2_20240416D,0.9848579208919459,1.7132256E12,"{""type"":""MultiPoint"",""coordinates"":[]}"
2_20240418D,1.043477347104367,1.7133984E12,"{""type"":""MultiPoint"",""coordinates"":[]}"
2_20240420D,0.7747845573688188,1.7135712E12,"{""type"":""MultiPoint"",""coordinates"":[]}"
2_20240422D,1.0161996351583416,1.713744E12,"{""type"":""MultiPoint"",""coordinates"":[]}"
2_20240424D,0.9953980249350641,1.7139168E12,"{""type"":""MultiPoint"",""coordinates"":[]}"
2_20240426D,0.9777279919029361,1.7140896E12,"{""type"":""MultiPoint"",""coordinates"":[]}"
2_20240429D,0.994211637053552,1.7143488E12,"{""type"":""MultiPoint"",""coordinates"":[]}"
2_20240430D,0.9750888490894477,1.7144352E12,"{""type"":""MultiPoint"",""coordinates"":[]}"
2_20240501D,0.8459931695287527,1.7145216E12,"{""type"":""MultiPoint"",""coordinates"":[]}"
2_20240503D,1.1890458294020971,1.7146944E12,"{""type"":""MultiPoint"",""coordinates"":[]}"
2_20240504D,1.0100117297601445,1.7147808E12,"{""type"":""MultiPoint"",""coordinates"":[]}"
2_20240505D,1.177512707835077,1.7148672E12,"{""type"":""MultiPoint"",""coordinates"":[]}"
2_20240508D,1.0642548498439102,1.7151264E12,"{""type"":""MultiPoint"",""coordinates"":[]}"
2_20240511D,1.3359598594118092,1.7153856E12,"{""type"":""MultiPoint"",""coordinates"":[]}"
2_20240512D,1.1604423377171942,1.715472E12,"{""type"":""MultiPoint"",""coordinates"":[]}"
2_20240513D,1.1120586769840206,1.7155584E12,"{""type"":""MultiPoint"",""coordinates"":[]}"
2_20240514D,1.2343849269371283,1.7156448E12,"{""type"":""MultiPoint"",""coordinates"":[]}"
2_20240515D,1.1368131312323053,1.7157312E12,"{""type"":""MultiPoint"",""coordinates"":[]}"
2_20240516D,0.986128800251681,1.7158176E12,"{""type"":""MultiPoint"",""coordinates"":[]}"
2_20240518D,1.0387389902079145,1.7159904E12,"{""type"":""MultiPoint"",""coordinates"":[]}"
2_20240519D,0.8600250717710934,1.7160768E12,"{""type"":""MultiPoint"",""coordinates"":[]}"
2_20240520D,0.9379200007480368,1.7161632E12,"{""type"":""MultiPoint"",""coordinates"":[]}"
2_20240523D,0.8192300354607748,1.7164224E12,"{""type"":""MultiPoint"",""coordinates"":[]}"
2_20240524D,0.9020089510089754,1.7165088E12,"{""type"":""MultiPoint"",""coordinates"":[]}"
2_20240526D,0.9405660490822839,1.7166816E12,"{""type"":""MultiPoint"",""coordinates"":[]}"
2_20240527D,0.806098132318935,1.716768E12,"{""type"":""MultiPoint"",""coordinates"":[]}"
2_20240528D,0.6233918123447416,1.7168544E12,"{""type"":""MultiPoint"",""coordinates"":[]}"
2_20240530D,1.0002097258075255,1.7170272E12,"{""type"":""MultiPoint"",""coordinates"":[]}"
2_20240601D,0.950213559864657,1.7172E12,"{""type"":""MultiPoint"",""coordinates"":[]}"
2_20240607D,0.8151487534681813,1.7177184E12,"{""type"":""MultiPoint"",""coordinates"":[]}"
2_20240612D,0.8702432589779416,1.7181504E12,"{""type"":""MultiPoint"",""coordinates"":[]}"
2_20240614D,0.9691921837587167,1.7183232E12,"{""type"":""MultiPoint"",""coordinates"":[]}"
2_20240615D,0.596641072587857,1.7184096E12,"{""type"":""MultiPoint"",""coordinates"":[]}"
2_20240616D,0.8587474980405675,1.718496E12,"{""type"":""MultiPoint"",""coordinates"":[]}"
2_20240617D,0.9575598685596312,1.7185824E12,"{""type"":""MultiPoint"",""coordinates"":[]}"
2_20240618D,0.9463085315283549,1.7186688E12,"{""type"":""MultiPoint"",""coordinates"":[]}"
2_20240619D,0.8399661165879845,1.7187552E12,"{""type"":""MultiPoint"",""coordinates"":[]}"
